unit_id,age,income,education_years,treatment,mediator,Y_0,Y_1,outcome
1,56,25287,11,1,50.991102790579696,0.8875781328847836,21.784019249116664,21.784019249116664
2,46,54387,17,0,108.9189559279349,1.401635380811985,45.469217751985944,1.401635380811985
3,32,28512,14,0,57.19506092734695,0.8237757313699277,24.20180010230871,0.8237757313699277
4,60,21342,10,0,42.77585602112703,0.4905321655102307,18.100874573961043,0.4905321655102307
5,25,83076,12,0,166.30706620685245,1.8374802320941395,68.86030671483512,1.8374802320941395
6,38,39216,19,0,78.62534909039094,1.0825904539119358,33.03273009006831,1.0825904539119358
7,56,113070,17,0,226.3461193964164,2.5248777633995307,93.5633255219661,2.5248777633995307
8,36,99767,13,0,199.61927336554317,2.2559684524891876,82.60367779870646,2.2559684524891876
9,40,117829,16,0,235.88922310065664,2.4331623614157407,97.2888516016784,2.4331623614157407
10,28,46614,19,0,93.45288116853663,1.1612569754583104,39.042409442872966,1.1612569754583104
11,28,56258,11,1,112.95831486847018,1.3340581126392848,47.01738406002736,47.01738406002736
12,41,113789,16,0,227.6821165036494,2.6079054683103933,94.18075206977016,2.6079054683103933
13,53,62078,14,0,124.38098162083222,1.4982167201356105,51.750609368468496,1.4982167201356105
14,57,103524,14,1,207.48731419503167,2.346400551021504,85.84132622903418,85.84132622903418
15,41,116573,15,0,233.3324024431215,2.590548338634475,96.42350931588308,2.590548338634475
16,20,32219,18,1,64.90185877681267,1.0025295396770337,27.463273050402105,27.463273050402105
17,39,20235,15,1,40.933044453234096,0.7481142220262217,17.62133200331986,17.62133200331986
18,19,62929,17,0,126.04285636760598,1.6412933728687662,52.55843591991116,1.6412933728687662
19,41,87444,16,1,175.20700345339984,1.9999841588541505,72.58278554021409,72.58278554021409
20,61,28567,18,0,57.343122406232744,1.0228494739582952,24.460098436451396,1.0228494739582952
21,47,90792,13,1,182.11226707308612,2.0915508694503324,75.43645769868478,75.43645769868478
22,55,85441,11,0,171.01898901294962,2.052041395633977,70.95963700081383,2.052041395633977
23,19,104555,16,1,209.52211458755554,2.554387243126708,86.86323307814894,86.86323307814894
24,38,93698,15,0,187.57849807830772,2.0296873278626757,77.56108655918577,2.0296873278626757
25,50,25415,10,1,51.28297402650866,0.6223972461131293,21.635586856716593,21.635586856716593
26,29,56159,20,1,112.84362332580952,1.604534803997055,47.241984134320866,47.241984134320866
27,39,63925,18,0,128.0262936446785,1.4720107579871053,53.18252821585851,1.4720107579871053
28,61,25951,18,0,52.06989253870881,1.0210376962693373,22.348994711752862,1.0210376962693373
29,42,107388,11,1,215.1736845122317,2.333371780518734,88.90284558541141,88.90284558541141
30,44,28007,12,1,56.46888884505056,0.8576433035109019,23.945198841531127,23.945198841531127
31,59,61832,14,0,123.73364380024702,1.5050009337139225,51.49845845381274,1.5050009337139225
32,45,78596,14,1,157.61340634195724,1.7126810472216316,65.25804358400454,65.25804358400454
33,33,50523,10,1,101.52578049115054,1.3160144602131976,42.42632665667342,42.42632665667342
34,32,108861,17,1,218.27370976332887,2.792292303053733,90.60177620838527,90.60177620838527
35,64,106740,17,0,213.57609264560992,2.423299172364431,88.3537362306084,2.423299172364431
36,61,35524,13,1,71.42142931943681,0.9382441449154759,30.0068158726902,30.0068158726902
37,20,39282,16,0,78.7104689710236,0.8407300456732942,32.82491763408274,0.8407300456732942
38,54,43930,20,1,88.40462947585571,1.413750290345612,37.2756020806879,37.2756020806879
39,24,20077,19,0,40.25262628229735,0.8727165322842003,17.473767045203143,0.8727165322842003
40,38,40611,12,0,81.33925956825414,0.8788816137945087,33.914585441096165,0.8788816137945087
41,26,36984,15,1,74.39429104217102,0.8331914537953116,31.09090787066372,31.09090787066372
42,56,34060,19,0,68.37629823371427,0.8662768716834734,28.716796165169182,0.8662768716834734
43,35,102985,19,1,206.37615457630156,2.504216912537282,85.55467874305792,85.55467874305792
44,21,104056,18,1,208.5966270307747,2.5156191419614085,86.4542699542713,86.4542699542713
45,42,63303,10,1,126.98631952813257,1.3737266055631214,52.668254416816154,52.668254416816154
46,31,79207,14,0,158.62748994631386,1.91406600313828,65.86506198166383,1.91406600313828
47,26,95046,13,1,190.55188263231767,2.1768077120991154,78.89756076502618,78.89756076502618
48,43,49287,17,0,98.71470921703711,1.2890130293145783,41.274896716129426,1.2890130293145783
49,19,113709,20,0,227.66066932216646,2.7711996826685303,94.3354674115351,2.7711996826685303
50,37,59711,10,1,119.80255855733456,1.2737264398771961,49.69474986281102,49.69474986281102
51,45,31954,18,0,64.13796648556199,1.1138339213593895,27.269020515584188,1.1138339213593895
52,64,93340,15,0,186.81814615045573,2.093947844598565,77.32120630478086,2.093947844598565
53,24,92101,13,1,184.68473332893845,2.280173668196705,76.6540669997721,76.6540669997721
54,61,91520,18,0,183.24180409775636,2.089869397651854,75.8865910367544,2.089869397651854
55,25,107062,20,0,214.48702455403455,2.5060827921399875,88.80089261375382,2.5060827921399875
56,64,38574,14,1,77.5853551997292,1.0573387137542356,32.591480793645914,32.591480793645914
57,52,29184,14,0,58.52714311458107,0.8689118547822484,24.77976910061468,0.8689118547822484
58,31,39096,14,1,78.6080287629142,1.1110028500618097,33.054214355227494,33.054214355227494
59,34,87728,10,1,175.85613426703776,1.8259917581753324,72.66844546499044,72.66844546499044
60,53,54016,10,1,108.29690824329252,1.2765887591753367,45.09535205649235,45.09535205649235
61,57,31246,17,1,62.98527920082706,0.9787331706402721,26.672844850971096,26.672844850971096
62,21,65558,17,0,131.35314371064746,1.5983861775971875,54.63964366185617,1.5983861775971875
63,19,38381,15,0,76.93183150022998,1.1080258617459418,32.380758461837935,1.1080258617459418
64,23,56455,20,1,113.34430692710113,1.394463008651222,47.23218577949168,47.23218577949168
65,59,112263,13,1,224.91591064236457,2.4726146110949316,92.93897886804076,92.93897886804076
66,21,24018,11,1,48.324490393642186,0.6250415875596335,20.45483774501651,20.45483774501651
67,46,31302,11,0,62.76294620034327,0.8136969070450981,26.41887538718241,0.8136969070450981
68,35,87506,18,0,175.14167433536454,2.2548235459921204,72.81149328013794,2.2548235459921204
69,43,61157,14,0,122.4525645704894,1.6497855726157402,51.1308114008115,1.6497855726157402
70,61,74917,13,1,150.25631312138364,1.8853816460581223,62.487906894611584,62.487906894611584
71,51,112738,19,0,225.74038635178292,2.588534271991915,93.3846888127051,2.588534271991915
72,27,116646,10,1,233.6962640658983,2.623681827680021,96.60218745403934,96.60218745403934
73,53,103122,16,1,206.74444464600532,2.39367621269258,85.59145407109472,85.59145407109472
74,31,44519,12,0,89.18532318820739,1.134938970350301,37.309068245633256,1.134938970350301
75,48,116809,15,1,234.13597057099807,2.6284438652380833,96.78283209363731,96.78283209363731
76,32,107487,14,0,215.10204381527487,2.6055817857379124,89.14639931184786,2.6055817857379124
77,25,76819,14,1,154.17148076652524,1.9529638605556465,64.12155616716574,64.12155616716574
78,31,100910,20,1,202.22071689218004,2.4926896418447098,83.88097639871673,83.88097639871673
79,40,91324,14,1,183.13087367490004,2.0894499034489376,75.84179937340896,75.84179937340896
80,57,25408,10,1,51.1726690195668,0.7121160758254563,21.681183683652176,21.681183683652176
81,38,79379,10,0,158.833362522361,1.8406366604537736,65.87398166939818,1.8406366604537736
82,33,45053,12,0,90.25447071334507,1.0888991088145978,37.69068739415263,1.0888991088145978
83,62,29446,19,1,59.410070102492384,1.0627515715964504,25.326779612593405,25.326779612593405
84,35,20922,13,0,42.00432140068451,0.5863154888557094,17.888044049129515,0.5863154888557094
85,64,118723,14,0,237.51669210279474,2.693644368799741,98.20032120991763,2.693644368799741
86,41,71356,11,0,142.89445151156397,1.4181484450207371,59.075929049646334,1.4181484450207371
87,43,30789,17,1,62.00296764408862,0.9007181473397871,26.201905204975237,26.201905204975237
88,42,117720,20,0,235.60163564548873,2.962167713291944,97.70282197148744,2.962167713291944
89,62,86656,20,1,173.84389483690836,2.2367391494391913,72.27429708420253,72.27429708420253
90,58,64028,11,1,128.45166394126198,1.6541068449934526,53.534772421498246,53.534772421498246
91,46,84484,18,0,169.1634130420281,1.9829492332645617,70.14831445007582,1.9829492332645617
92,32,52154,11,0,104.31016996516837,1.2734572836800435,43.4975252697474,1.2734572836800435
93,62,102870,18,0,205.93421622247598,2.545599225309431,85.41928571429983,2.545599225309431
94,18,22336,16,1,45.142891593975605,0.8300294934705378,19.38718613106078,19.38718613106078
95,42,87779,17,0,175.70250707311178,2.146436587735832,72.92743941698055,2.146436587735832
96,24,39029,20,0,78.15429620201176,1.3436381970330062,33.10535667783771,1.3436381970330062
97,26,79201,11,0,158.50135958692596,1.6999745034386073,65.600518338209,1.6999745034386073
98,41,52265,16,1,104.98813130701006,1.3468761960554498,43.84212871885948,43.84212871885948
99,18,63872,15,0,127.87563855048349,1.4020314437330648,53.05228686392646,1.4020314437330648
100,61,66197,13,1,132.7321912767784,1.47442939480644,55.067305905517806,55.067305905517806
101,25,75180,16,1,150.89973670036588,1.9310185392178971,62.79091321936425,62.79091321936425
102,41,43710,13,0,87.51805692360278,1.0424650733807876,36.5496878428219,1.0424650733807876
103,28,49486,11,1,99.37088976685386,1.2832724254125099,41.531628332154064,41.531628332154064
104,34,91907,19,0,183.88352628393906,2.3839885041968083,76.43739901777244,2.3839885041968083
105,25,91895,16,1,184.3297427674349,2.1401061825008063,76.37200328947476,76.37200328947476
106,52,84435,17,1,169.3166725034133,2.0806863439799814,70.3073553453453,70.3073553453453
107,52,60631,11,1,121.6769231408537,1.506951212954292,50.67772046929578,50.67772046929578
108,50,40103,14,0,80.40203687224084,0.9599104936933437,33.62072524258968,0.9599104936933437
109,22,84772,10,0,169.61018478976416,1.8337947654698954,70.17786868137556,1.8337947654698954
110,59,34382,16,0,68.97216224936932,0.9072738788328198,28.99613877858055,0.9072738788328198
111,56,104291,17,0,208.64893372720292,2.372147688991697,86.33172117987287,2.372147688991697
112,58,23756,15,0,47.68954933287856,0.84673106980811,20.422550802959538,0.84673106980811
113,45,40609,14,0,81.43661210832599,1.0326603269057708,34.10730517023617,1.0326603269057708
114,24,36478,15,0,73.0769791576391,1.0260446773068184,30.756836340362458,1.0260446773068184
115,26,59666,11,0,119.49794408101492,1.3090738383068765,49.60825147071285,1.3090738383068765
116,25,95683,10,1,191.8576961326097,2.2363022164533706,79.47938066949725,79.47938066949725
117,29,119097,16,0,238.3412579080973,2.647429000977666,98.4839321642166,2.647429000977666
118,51,91315,16,0,182.7731235857075,2.2985980551909955,75.907847489474,2.2985980551909955
119,50,97834,19,0,195.81308531270838,2.3427729093849363,81.16800703446829,2.3427729093849363
120,40,34153,20,0,68.48051349224075,0.9423600422036922,28.834565439099993,0.9423600422036922
121,41,96325,19,1,193.09923200548639,2.289397325345438,80.02909012753999,80.02909012753999
122,54,32999,11,0,66.06304444507865,0.7737023172533836,27.698920095284844,0.7737023172533836
123,52,75318,11,1,151.1059417648356,1.7852949377378153,62.72767164367205,62.72767164367205
124,61,20814,10,1,41.988503698735585,0.5901437217673134,17.885545201261547,17.885545201261547
125,57,96077,19,1,192.656926095736,2.3178610255027357,79.88063146379714,79.88063146379714
126,39,110474,17,1,221.41991167176081,2.5125446889953436,91.58050935769968,91.58050935769968
127,44,22443,17,1,45.43090472812856,0.7333257696136676,19.40568766086509,19.40568766086509
128,52,95993,10,1,192.36084218839724,2.022497799038437,79.46683467439733,79.46683467439733
129,18,95916,20,1,192.3510574023327,2.4019422936821533,79.84236525461525,79.84236525461525
130,52,93319,17,1,187.1475534851138,2.1890646898200306,77.54808608386556,77.54808608386556
131,54,37368,18,1,75.29048748036604,1.0758909106301615,31.69208590277658,31.69208590277658
132,64,35328,13,1,71.06011233274774,0.9467386101557841,29.87078354325488,29.87078354325488
133,31,76942,10,1,154.2531053765634,1.6709538206514227,63.87219597127679,63.87219597127679
134,20,111751,10,0,223.548910947302,2.4038848573223977,92.3234492362432,2.4038848573223977
135,18,119131,12,0,238.49381498104242,2.6431829814693493,98.54070897388632,2.6431829814693493
136,22,47306,14,0,94.82122362190903,1.1227063000943236,39.551195748857936,1.1227063000943236
137,43,105451,14,0,211.0398899302844,2.3000848006920798,87.21604077280584,2.3000848006920798
138,31,59915,18,0,120.10657195755635,1.6961284093622675,50.23875719238481,1.6961284093622675
139,56,57219,19,0,114.62290683028172,1.4881043467200448,47.83726707883273,1.4881043467200448
140,44,100879,11,1,202.2042205235717,2.1824239191075994,83.5641121285363,83.5641121285363
141,26,84644,11,0,169.39850859508616,1.7784928394440727,70.03789627747854,1.7784928394440727
142,32,80279,15,1,161.02789027258754,1.9906477637474242,66.90180387278244,66.90180387278244
143,32,73028,18,0,146.2505880721267,1.7149674186489157,60.7152026474996,1.7149674186489157
144,43,20126,10,0,40.33075073133117,0.6009907339038543,17.233291026436323,0.6009907339038543
145,59,72329,18,1,145.1926249269043,1.6357614930683413,60.212811463830064,60.212811463830064
146,30,47632,18,1,95.7797976208842,1.3944572800364117,40.20637632839009,40.20637632839009
147,49,85310,18,0,170.8513847296751,2.1838856243618583,71.02443951623191,2.1838856243618583
148,56,75176,14,1,150.80801135927496,1.8319720345478017,62.65517657825779,62.65517657825779
149,49,106066,18,1,212.56667150591116,2.3278719868594706,87.85454058922394,87.85454058922394
150,21,64327,20,0,128.93946930332788,1.770416214390923,53.84620393572207,1.770416214390923
151,47,88904,13,0,177.92487218832161,1.9553451000359647,73.62529397536461,1.9553451000359647
152,54,23797,11,1,48.022203351428416,0.5788428121278387,20.287724152699205,20.287724152699205
153,40,67882,15,1,136.24576906794115,1.6192938954242349,56.6176015226007,56.6176015226007
154,56,33718,13,1,67.88387108581088,0.8940232326653511,28.547571666989704,28.547571666989704
155,62,54560,15,1,109.61577085106153,1.3406951348819713,45.68700347530658,45.68700347530658
156,32,96589,12,0,193.35166889611583,2.2991474247904695,80.13981498323682,2.2991474247904695
157,60,42116,15,0,84.37075832484764,1.3435025996442627,35.591805929583316,1.3435025996442627
158,46,56244,11,0,112.67927336709778,1.2079663462650536,46.77967569310417,1.2079663462650536
159,53,21645,11,1,43.686654822291935,0.584016760567541,18.558678689484314,18.558678689484314
160,30,67523,18,1,135.54283745244405,1.724734833604496,56.44186981458211,56.44186981458211
161,49,39256,16,1,78.95261609081979,1.0662483509062775,33.147294787234195,33.147294787234195
162,24,73173,12,0,146.43232632386747,1.7433998749278519,60.81633040447485,1.7433998749278519
163,39,57430,20,0,115.11220955443954,1.6401985355945794,48.1850823573704,1.6401985355945794
164,45,59282,10,0,118.8200948448713,1.4605765942270041,49.48861453217553,1.4605765942270041
165,19,83374,17,1,167.19991200558397,2.068453356784983,69.44841815901857,69.44841815901857
166,59,88244,15,1,176.99876607873392,2.2307895520919723,73.53029598358555,73.53029598358555
167,62,31694,16,0,63.53170443436498,0.7949852717083891,26.707667045454382,0.7949852717083891
168,23,76264,18,1,153.00747575115722,2.033290879195462,63.73628117965835,63.73628117965835
169,45,95060,14,0,190.34787918861159,2.139900836591026,78.77905251203566,2.139900836591026
170,45,117416,10,1,235.17832323574623,2.6268325220675632,97.19816181636605,97.19816181636605
171,61,77545,19,0,155.21309204656885,1.8279333771720558,64.4131701957996,1.8279333771720558
172,61,59224,16,1,118.90364006756184,1.4136303608106724,49.47508638783541,49.47508638783541
173,37,117945,14,0,236.0631828013969,2.705111729148203,97.63038484970696,2.705111729148203
174,47,33224,12,1,66.89118332858405,0.7116069977250155,27.96808032915864,27.96808032915864
175,28,60738,18,0,121.67403395878466,1.6737042078288311,50.8433177913427,1.6737042078288311
176,45,45150,10,0,90.40170659907557,1.2289963502341588,37.88967898986439,1.2289963502341588
177,42,83731,10,0,167.6013270013492,1.8923984853828961,69.43292928592258,1.8923984853828961
178,56,69688,10,0,139.33031637789776,1.6079361035578559,57.84006265471696,1.6079361035578559
179,50,119929,12,0,239.94045973474562,2.555216385509155,99.0314002794074,2.555216385509155
180,18,93509,15,1,187.46331937953585,2.237624940240367,77.7229526920547,77.7229526920547
181,44,28577,19,0,57.37922673995513,0.9863065246407426,24.437997220622794,0.9863065246407426
182,30,28070,20,1,56.71448825700343,0.8692494603976177,24.055044763198993,24.055044763198993
183,58,28666,12,1,57.70774501459164,0.7741720049911809,24.35727001082784,24.35727001082784
184,20,77761,17,1,156.06485393127682,1.8792864575304198,64.80522803004115,64.80522803004115
185,56,56368,19,0,112.90337191653994,1.4680797803480816,47.129428546964064,1.4680797803480816
186,23,26783,11,0,53.66950451085097,0.6193688586650025,22.58717066300539,0.6193688586650025
187,25,61914,18,1,124.33707162593988,1.6681820308583895,51.90301068123435,51.90301068123435
188,44,90507,12,1,181.4238381960347,2.02578895440981,75.09532423282369,75.09532423282369
189,26,99026,14,0,198.2475058803333,2.262056477589331,82.06105882972265,2.262056477589331
190,54,87526,19,0,175.22176979274434,2.0726933412602575,72.661401258358,2.0726933412602575
191,50,90835,17,0,181.820523250436,2.2042271473971993,75.4324364475716,2.2042271473971993
192,59,65765,11,1,131.9925989977105,1.5551696184381405,54.85220921752234,54.85220921752234
193,61,39956,15,0,80.02384378058663,1.220398438913042,33.729935951147695,1.220398438913042
194,41,107895,14,0,215.94244645476581,2.4859598712938986,89.36293845320023,2.4859598712938986
195,32,66240,19,1,132.8869758666153,1.684531559816289,55.339321906462416,55.339321906462416
196,49,57148,18,0,114.56698196760307,1.4289883182497443,47.75578110529097,1.4289883182497443
197,49,114270,14,0,228.74032759681182,2.6519952683916648,94.6481263071164,2.6519952683916648
198,41,24757,11,1,50.06150535997904,0.6868823901213542,21.21148453411297,21.21148453411297
199,58,39097,14,1,78.70091818657232,1.044768243340378,33.02513551796931,33.02513551796931
200,29,30395,13,0,60.863517488519975,0.8507028393707325,25.696109834778724,0.8507028393707325
201,56,36241,20,0,72.71543249300804,1.0846592289342871,30.670832226137506,1.0846592289342871
202,19,47696,16,0,95.5060995618889,1.2584661005770132,39.960905925332575,1.2584661005770132
203,20,90480,15,0,181.18890187535266,2.3022207562732575,75.27778150641433,2.3022207562732575
204,54,66163,11,1,132.68094298560115,1.438477794587231,55.01085498882769,55.01085498882769
205,34,39816,20,0,79.77454225578802,1.114869578923839,33.52468648123905,1.114869578923839
206,19,69840,20,0,139.79950942731517,1.9352324418154252,58.355036212741496,1.9352324418154252
207,19,72853,14,0,145.82158100893682,1.699579561550493,60.52821196512522,1.699579561550493
208,45,44917,16,1,90.25952610876082,1.1732778715925105,37.77708831509684,37.77708831509684
209,40,116731,20,1,233.89891754470804,2.8381063856773436,96.89767340356057,96.89767340356057
210,54,41566,16,1,83.69149045521218,1.009300438271825,34.98589662035669,34.98589662035669
211,49,95452,14,0,191.07049403481932,2.271185442925341,79.19938305685308,2.271185442925341
212,50,82823,18,1,166.14661172699286,2.0210216429321544,68.9796663337293,68.9796663337293
213,18,40806,13,1,82.12145822096238,1.1226002130831978,34.47118350146815,34.47118350146815
214,36,95520,20,0,191.25281288960213,2.3550030955252126,79.35612825136607,2.3550030955252126
215,19,21759,12,0,43.60056598992474,0.6123817413517362,18.552608137321634,0.6123817413517362
216,61,61949,13,0,123.9429895128741,1.6040983780149909,51.68129418316463,1.6040983780149909
217,43,112374,14,0,224.84774713038283,2.472466228852194,92.91156508100534,2.472466228852194
218,49,22482,15,0,45.18927078002542,0.7905249018998742,19.366233213910043,0.7905249018998742
219,23,44442,12,0,88.9412331942157,1.2526124485529138,37.3291057262392,1.2526124485529138
220,49,53719,11,0,107.5656563618999,1.432270169984647,44.95853271474461,1.432270169984647
221,21,78066,13,1,156.6136962571543,1.7946073664059308,64.94008586926765,64.94008586926765
222,28,113501,14,0,227.15626724202215,2.596333527424101,93.95884042423297,2.596333527424101
223,34,22079,13,1,44.60794916643953,0.6656311209796382,19.008810787555454,19.008810787555454
224,55,22717,20,1,45.96678019564367,1.1047196227268774,19.99143170098435,19.99143170098435
225,41,79676,12,1,159.79096404359115,1.9115326005873818,66.32791821802384,66.32791821802384
226,22,47952,17,1,96.45445370862366,1.3074458435836938,40.38922732703316,40.38922732703316
227,51,106444,19,0,213.02598541358861,2.540136217345774,88.25053038278122,2.540136217345774
228,23,62460,13,1,125.36202124384194,1.5499105415446068,52.194719039081384,52.194719039081384
229,39,110397,11,0,220.81308797830016,2.4716143540783486,91.29684954539843,2.4716143540783486
230,28,92847,11,0,185.70031269064071,2.0529401782353447,76.83306525449163,2.0529401782353447
231,33,113607,10,1,227.6099164484574,2.432707270076483,93.97667384945944,93.97667384945944
232,50,109106,13,0,218.36916897844725,2.4269346638273506,90.27460225520626,2.4269346638273506
233,26,38449,19,0,77.16953338886188,1.0350108294952793,32.40282418504003,1.0350108294952793
234,23,53536,18,1,107.67298958665053,1.502547440697446,45.07174327535766,45.07174327535766
235,33,84077,20,1,168.71999303353326,2.0013694957351027,69.98936670914841,69.98936670914841
236,46,58258,16,1,117.0123582872199,1.3791649921015285,48.68410830698949,48.68410830698949
237,20,68302,19,0,136.8019982427887,1.7446045533435854,56.96540385045907,1.7446045533435854
238,37,48865,16,1,98.11343859684082,1.2842877370310115,41.02966317576735,41.02966317576735
239,53,26645,16,0,53.442698169712905,0.8778634475788989,22.754942715464065,0.8778634475788989
240,36,58000,17,1,116.53451883756291,1.4431794630603592,48.55698699808553,48.55698699808553
241,43,46737,10,1,93.9189140928014,1.0954857441769028,39.163051381297464,39.163051381297464
242,20,31485,19,1,63.395683292665844,1.0789119505088491,26.937185267575188,26.937185267575188
243,36,58565,19,1,117.65070128236292,1.6144217200495192,49.17470223299469,49.17470223299469
244,37,45522,17,0,91.24041964059339,1.3093925046176678,38.305560360855026,1.3093925046176678
245,49,85155,13,1,170.75749450600574,1.9664967612351483,70.76949456363745,70.76949456363745
246,24,75168,13,1,150.76460722223115,1.7802522623332275,62.58609515122569,62.58609515122569
247,58,72487,13,0,145.1372791983472,1.7327838887710505,60.28769556810993,1.7327838887710505
248,50,32342,15,1,65.16886565194562,0.8812358260191024,27.448782086797355,27.448782086797355
249,57,60806,16,0,121.73992706172844,1.6835246600146103,50.87949548470599,1.6835246600146103
250,56,68770,15,1,138.01275070306912,1.8085588032487703,57.51365908447642,57.51365908447642
251,35,98623,10,1,197.63653024296266,2.251884559100097,81.80649665628516,81.80649665628516
252,57,119785,17,1,239.96563830661268,2.6931138413598403,99.17936916400492,99.17936916400492
253,18,95629,19,0,191.4199196482481,2.3464944117950153,79.41446227109427,2.3464944117950153
254,28,72603,20,1,145.62781551573272,1.9498969937769774,60.70102320007007,60.70102320007007
255,45,101974,16,1,204.4570046767535,2.237160309827886,84.51996218052929,84.51996218052929
256,42,46399,15,1,93.26579446887771,1.39743117616985,39.20374896372094,39.20374896372094
257,40,105382,15,0,210.8962254694397,2.23370123888442,87.0921914266603,2.23370123888442
258,48,101244,14,0,202.69902606716443,2.3753405819709075,83.95495100883667,2.3753405819709075
259,47,96534,15,1,193.5213995453791,2.376008230625247,80.28456804877689,80.28456804877689
260,59,75106,18,0,150.32043886220166,1.850813653597297,62.47898919847796,1.850813653597297
261,52,50678,19,1,101.82402607299082,1.3785135600176925,42.60812398921402,42.60812398921402
262,24,96218,18,1,192.9976427093637,2.3511260792646924,80.05018316301017,80.05018316301017
263,33,83230,19,1,166.91652621874556,2.2297881891933873,69.49639867669161,69.49639867669161
264,43,94055,17,1,188.5937610644379,2.1929932362058637,78.13049766198102,78.13049766198102
265,19,76373,19,1,153.27319383122574,1.8293644808134055,63.6386420133037,63.6386420133037
266,18,51480,18,0,103.16949742422776,1.3472224544392009,43.115021424130305,1.3472224544392009
267,29,105230,19,0,210.77247298994791,2.329348600771378,87.13833779675055,2.329348600771378
268,22,88836,17,0,177.7831848371538,2.2064957898715156,73.81976972473304,2.2064957898715156
269,54,92258,17,0,184.63217684597333,2.1337516947286144,76.48662243311796,2.1337516947286144
270,49,59986,10,1,120.31401227764489,1.3788860845934445,50.00449099565141,50.00449099565141
271,26,44160,19,1,88.79520407894915,1.3541621131419008,37.372243744721565,37.372243744721565
272,58,105595,20,1,211.74496886940912,2.4742089675590155,87.67219651532268,87.67219651532268
273,52,99111,14,1,198.61041327101017,2.3381290395388397,82.28229434794292,82.28229434794292
274,36,84929,13,1,170.3436680252972,1.8547711496183714,70.49223835973726,70.49223835973726
275,33,93506,11,1,187.4237563334964,2.1859919428324,77.65549447623097,77.65549447623097
276,20,54911,17,1,110.23655016533945,1.4724105021265472,46.06703056826233,46.06703056826233
277,37,107127,12,1,214.58643150217162,2.3736820969180337,88.70825469778669,88.70825469778669
278,41,51821,13,0,103.69562147530952,1.3095093487943796,43.28775793891819,1.3095093487943796
279,50,95039,16,0,190.2047073295883,2.0921038705347264,78.67398680237005,2.0921038705347264
280,41,80535,19,0,161.25154244121282,2.0015000743946976,67.00211705087983,2.0015000743946976
281,28,104458,18,1,209.46330314883653,2.4349930214643396,86.72031428099895,86.72031428099895
282,25,32175,11,1,64.7999544106094,0.7375567389562436,27.157538503200005,27.157538503200005
283,53,74771,12,0,149.620052937396,1.6683124573093457,62.01633363226775,1.6683124573093457
284,55,106925,13,0,214.0004332641686,2.3855754742047486,88.4857487798722,2.3855754742047486
285,57,86358,19,1,173.28857731345963,2.046430781505216,71.86186170688907,71.86186170688907
286,37,37327,10,0,74.8476958710515,0.7053286094949585,31.14440695791556,0.7053286094949585
287,52,67057,16,0,134.25827969942233,1.7687787539608866,55.97209063372982,1.7687787539608866
288,42,26150,11,1,52.75791442148525,0.7287910124910335,22.331956781085136,22.331956781085136
289,52,24425,14,0,49.05949776834439,0.5411049790763456,20.664904086414104,0.5411049790763456
290,42,36032,10,0,72.08864640384108,1.1341362939679396,30.469594855504376,1.1341362939679396
291,46,22198,12,1,44.79037964564201,0.8080992331313189,19.224251091388126,19.224251091388126
292,35,80500,11,1,161.52100093672118,1.7951017948931665,66.90350216958164,66.90350216958164
293,63,73394,10,1,147.17294819449398,1.58363025086333,60.95280952866093,60.95280952866093
294,35,40079,16,0,80.17155243176494,1.1618991210760523,33.73052009378203,1.1618991210760523
295,19,56220,14,0,112.57395190948066,1.4246326814884143,46.95421344528068,1.4246326814884143
296,52,61874,10,0,123.90423127495579,1.4916889924800374,51.55338150246236,1.4916889924800374
297,33,33859,15,1,68.16832552184005,0.8932179726744951,28.660548181410515,28.660548181410515
298,58,70460,14,1,141.39576819734003,1.7989772020971633,58.857284481033176,58.857284481033176
299,53,51419,12,0,103.0049110998828,1.221033787682445,42.92299822763557,1.221033787682445
300,50,28705,16,1,57.85225312742838,0.9621765748655569,24.60307782583691,24.60307782583691
301,21,62880,20,0,125.9340303506793,1.5779060739542976,52.45151821422601,1.5779060739542976
302,50,43236,19,0,86.66967204879772,1.5095343985753487,36.67740321809444,1.5095343985753487
303,31,107955,18,0,216.0988889461465,2.588652334896526,89.52820791335513,2.588652334896526
304,38,105514,18,0,211.21070384099235,2.758703227657365,87.74298476405431,2.758703227657365
305,37,35358,18,1,71.20075782613414,1.1499201976326046,30.13022332808626,30.13022332808626
306,25,119713,11,1,239.798572693269,2.558113564313132,98.97754264162073,98.97754264162073
307,24,114914,12,0,229.98551434550404,2.62121807935892,95.11542381756055,2.62121807935892
308,20,96918,16,1,194.32596159735567,2.3484177818193217,80.57880242076159,80.57880242076159
309,34,34596,14,0,69.26519958166824,1.0092524144497763,29.215332247117075,1.0092524144497763
310,50,53572,11,1,107.53454188414571,1.354479247203206,44.8682960008615,44.8682960008615
311,29,98757,12,1,197.93865399362699,2.2913127129407673,81.96677431039157,81.96677431039157
312,39,21279,19,0,42.72128434988619,0.7062118989234258,18.2947256388779,0.7062118989234258
313,39,83197,15,1,166.8758685988794,1.857454159527005,69.10780159907877,69.10780159907877
314,63,82516,16,0,165.18865587307715,1.8908983001385569,68.46636064936942,1.8908983001385569
315,47,27083,18,0,54.35445362647276,0.914414239437051,23.156195690026156,0.914414239437051
316,55,37771,10,0,75.62196453462585,0.9331028828526582,31.681888696703,0.9331028828526582
317,55,49975,20,1,100.35033905882948,1.3019429434077052,41.94207856693949,41.94207856693949
318,62,65648,16,1,131.65348258392189,1.7104914210519648,54.87188445462072,54.87188445462072
319,25,68285,17,0,136.76948047733458,1.7340044820136482,56.94179667294748,1.7340044820136482
320,44,39063,12,1,78.55934560382448,1.0381528991370854,32.96189114066688,32.96189114066688
321,44,87642,13,1,175.73593311031755,1.9870410694826066,72.78141431360962,72.78141431360962
322,51,110093,19,1,220.68272364210316,2.544037189763443,91.3171266466047,91.3171266466047
323,38,106143,15,1,212.74672837016868,2.338726883819102,87.93741823188658,87.93741823188658
324,47,57599,19,1,115.73645116868094,1.6253540292537336,48.419934496726114,48.419934496726114
325,50,71920,16,0,144.02223096862008,1.6880507118346815,59.79694309928272,1.6880507118346815
326,45,48529,13,0,97.2400454675153,1.2515190466692818,40.6475372336754,1.2515190466692818
327,64,55954,17,1,112.38657309206133,1.6252810396272035,47.079910276451734,47.079910276451734
328,50,47856,14,0,95.83698091297401,1.203894225531065,40.03868659072067,1.203894225531065
329,22,22573,10,1,45.55571014310781,0.7475302140719196,19.469814271315045,19.469814271315045
330,36,98344,13,1,197.07619110592566,2.2837509016035678,81.61422734397384,81.61422734397384
331,21,55367,12,0,110.83500765355441,1.3784867563261054,46.21248981774787,1.3784867563261054
332,52,119608,18,0,239.40487856543203,2.7951948441904753,99.05714627036329,2.7951948441904753
333,34,80774,17,0,161.72621591659504,1.9459893430729072,67.13647570971092,1.9459893430729072
334,61,43752,10,1,87.89867905599985,1.0785175968793441,36.737989219279285,36.737989219279285
335,45,75029,20,0,150.18859076449127,1.8457686051774278,62.421204910973934,1.8457686051774278
336,47,37685,15,0,75.55182047732104,1.057845712113409,31.778573903041828,1.057845712113409
337,46,71693,18,0,143.60771142033,1.7353374004216504,59.67842196855365,1.7353374004216504
338,63,75961,16,0,152.16418452476262,1.9397855093076597,63.30545931921271,1.9397855093076597
339,23,96908,13,0,193.96808879982945,2.0282102571321556,80.11544577706394,2.0282102571321556
340,52,94532,10,0,189.16407309170955,2.1387453291125484,78.30437456579638,2.1387453291125484
341,58,101994,11,1,204.3473485245195,2.2935386701422282,84.53247807995004,84.53247807995004
342,54,76133,14,0,152.48060089346802,1.8272615964176036,63.31950195380482,1.8272615964176036
343,41,117425,20,0,235.0623916488437,2.850949894886549,97.37590655442403,2.850949894886549
344,46,81268,14,0,162.68566865869127,1.8767476409957053,67.45101510447222,1.8767476409957053
345,63,112201,17,0,224.55929719009106,2.6095633844572053,92.93328226049363,2.6095633844572053
346,48,58243,15,1,116.92010152167826,1.2932058111813547,48.56124641985266,48.56124641985266
347,52,77384,17,1,155.27241333670256,1.8461483117864779,64.4551136464675,64.4551136464675
348,50,51653,11,0,103.36492796886706,1.3386336431175225,43.184604830664355,1.3386336431175225
349,38,46657,12,1,93.81527159295794,1.0392238264463518,39.06533246362953,39.06533246362953
350,49,59952,15,0,120.12437632287693,1.5150143367050746,50.06476486585584,1.5150143367050746
351,40,42180,19,0,84.53229692265664,1.1558482928116203,35.468767061874274,1.1558482928116203
352,50,117432,12,1,235.24080677170636,2.5775413028228265,97.17386401150537,97.17386401150537
353,20,98411,15,1,197.17123970058225,2.20645225112384,81.57494813135673,81.57494813135673
354,35,21622,15,1,43.631429306375786,0.6077204395706569,18.56029216212097,18.56029216212097
355,42,68756,11,0,137.65849557464415,1.6337203314959803,57.19711856135364,1.6337203314959803
356,59,60809,16,1,122.09376709294503,1.5312203237975255,50.86872716097554,50.86872716097554
357,48,36725,11,0,73.58468267826531,1.01576291196872,30.949635983274845,1.01576291196872
358,20,81396,15,0,162.8497210182338,2.0073637907998862,67.64725219809341,2.0073637907998862
359,57,71226,10,1,142.83220921899488,1.7470458737089014,59.37992956130685,59.37992956130685
360,63,101182,12,0,202.55236364031413,2.276988674544267,83.79793413066993,2.276988674544267
361,41,102565,11,1,205.53519862973405,2.3981621024603212,85.11224155435394,85.11224155435394
362,49,49402,16,1,99.2003852632688,1.2104625492609047,41.390616654568426,41.390616654568426
363,64,24263,13,0,48.65041988345786,0.8361559829228131,20.79632393630596,0.8361559829228131
364,39,116523,17,1,233.47744912908172,2.7163990416327852,96.60737869326547,96.60737869326547
365,40,66828,15,1,134.1226839529973,1.659869265251479,55.80894284645041,55.80894284645041
366,19,67924,19,0,136.0390272689444,1.7829532234163117,56.69856413099408,1.7829532234163117
367,44,94182,13,1,188.82116483320414,2.047566112166454,78.0760320454481,78.0760320454481
368,59,113065,14,1,226.50910381866174,2.4216253190074983,93.5252668464722,93.5252668464722
369,19,79052,18,0,158.26156417156676,2.1120228186077,65.91664848723441,2.1120228186077
370,43,31664,16,1,63.84252171706995,0.9364077821802731,26.973416469008253,26.973416469008253
371,34,55737,19,1,111.89628599727823,1.47644065781933,46.73495505673063,46.73495505673063
372,57,109563,18,0,219.25584439919803,2.441029052575871,90.64336681225508,2.441029052575871
373,50,49373,16,1,99.21596486549959,1.1592821694503164,41.34566811565015,41.34566811565015
374,26,56397,10,0,112.90833649195419,1.319108112118772,46.98244270890045,1.319108112118772
375,60,106145,17,1,212.73555750786286,2.4287412078491273,88.02296421099427,88.02296421099427
376,56,58709,13,1,117.83407835586806,1.4343534356742451,49.067984778021476,49.067984778021476
377,46,81120,12,0,162.3866612780778,1.8711153940382175,67.32577990526934,1.8711153940382175
378,59,39250,16,0,78.70248175008798,1.3539461081260693,33.33493880816126,1.3539461081260693
379,43,41172,12,1,82.71053891673552,1.0295820019261044,34.613797568620306,34.613797568620306
380,52,31555,17,0,63.2982159760314,1.1290940107943448,26.948380401206904,1.1290940107943448
381,42,107410,15,1,215.34560080000028,2.6124024215044943,89.25064274150462,89.25064274150462
382,41,98617,14,0,197.36820539693193,2.3277024285271986,81.77498458729998,2.3277024285271986
383,30,73276,13,1,146.92800804231058,1.702007366745089,60.97321058366932,60.97321058366932
384,24,77492,17,1,155.39769540455865,1.7536927663867272,64.4127709282102,64.4127709282102
385,53,73002,17,1,146.4659631279344,1.847834387733391,60.93421963890716,60.93421963890716
386,62,109599,10,0,219.3497923652434,2.493861207970095,90.73377815406747,2.493861207970095
387,37,92355,18,1,185.1879622075077,2.3818687464282986,76.95705362943137,76.95705362943137
388,18,111248,14,1,222.9454615989953,2.4099642045753225,92.08814884417345,92.08814884417345
389,25,44762,13,0,89.6041829158913,1.1308873610814734,37.47256052743799,1.1308873610814734
390,63,31046,15,0,62.29115588164883,0.8265335409577153,26.24299589361725,0.8265335409577153
391,33,116999,15,0,234.09071707144176,2.5766322007563076,96.71291902933302,2.5766322007563076
392,31,48769,11,1,97.92277517578641,1.2618187534235628,40.93092882373813,40.93092882373813
393,29,73302,17,1,147.10549574310232,1.7381095230634265,61.08030782030436,61.08030782030436
394,40,43150,16,0,86.358028425084,1.1005728822682992,36.143784252301906,1.1005728822682992
395,32,88247,10,1,176.9026980574843,2.0446395863722278,73.30571880936594,73.30571880936594
396,45,24853,14,0,49.79404632168041,0.8221338790043548,21.23975240767652,0.8221338790043548
397,51,114613,15,0,229.37682746994545,2.6272611197935176,94.8779921077717,2.6272611197935176
398,19,109399,13,1,219.2103972196144,2.3826912641800937,90.56685015202586,90.56685015202586
399,49,41792,11,1,84.09929174126742,1.1851423278214703,35.32485902432845,35.32485902432845
400,40,79129,13,1,158.66834394054,1.8440290197319793,65.81136659594799,65.81136659594799
401,39,94478,10,0,189.14813256864417,2.327579013875477,78.48683204133314,2.327579013875477
402,42,87298,16,1,175.08534761455917,2.0820766169470044,72.61621566277067,72.61621566277067
403,39,51987,11,0,104.04392705146351,1.026405215815284,43.14397603640069,1.026405215815284
404,39,35850,11,0,71.82654054626299,0.6992124465223132,29.92982866502751,0.6992124465223132
405,59,32112,18,0,64.38877951268312,1.064634994184547,27.320146799257795,1.064634994184547
406,23,44058,14,1,88.56810787453706,1.2912094152330806,37.21845256504791,37.21845256504791
407,32,65420,11,1,131.21430545062836,1.450017187007615,54.43573936725896,54.43573936725896
408,60,58890,20,0,118.06450888166731,1.7878978772777154,49.51370142994464,1.7878978772777154
409,54,86017,18,1,172.56026990453984,2.2466398936994105,71.77074785551535,71.77074785551535
410,50,67304,18,1,135.0895890784081,1.7271346763441149,56.262970307707356,56.262970307707356
411,25,52921,10,0,106.02845573840347,1.3123653942356133,44.223747689597005,1.3123653942356133
412,61,21524,20,1,43.55171396220415,0.9199330217388518,18.840618606620513,18.840618606620513
413,61,35048,12,1,70.57088124824307,1.1299594897320515,29.858311989029282,29.858311989029282
414,22,55111,13,0,110.35391502937613,1.4304335966745583,46.07199960842502,1.4304335966745583
415,56,57904,16,0,115.98769437974053,1.496873165227115,48.39195091712333,1.496873165227115
416,21,74912,19,1,150.30992806095287,1.9454701197586648,62.56944134413982,62.56944134413982
417,23,54008,13,1,108.4507650676937,1.3938960281449226,45.2742020552224,45.2742020552224
418,62,20060,11,1,40.53852659301939,0.7136410187274995,17.429051655935258,17.429051655935258
419,49,94666,16,0,189.45851340837558,2.0563176706920463,78.3397230340423,2.0563176706920463
420,47,103559,15,1,207.54794656665385,2.4027653449947453,85.92194397165629,85.92194397165629
421,64,75337,12,0,150.7831622491757,1.7927840507579738,62.60604895042825,1.7927840507579738
422,52,33350,15,0,66.86148555084013,0.9597152832947828,28.20430950363084,0.9597152832947828
423,57,44354,20,1,89.20647104902483,1.3654966444217558,37.54808506403169,37.54808506403169
424,33,65186,15,0,130.5806516266913,1.7958367620569045,54.52809741273343,1.7958367620569045
425,30,48145,14,0,96.472355915949,1.2567217131104442,40.34566407949004,1.2567217131104442
426,59,54020,13,0,108.16018362219873,1.409572108070769,45.17364555695026,1.409572108070769
427,47,106123,19,0,212.5050891948726,2.6630864760451556,88.16512215399419,2.6630864760451556
428,36,95186,10,0,190.5656510311788,2.1198764505941856,78.84613686306571,2.1198764505941856
429,34,105469,19,1,211.32580868525392,2.400533679764119,87.4308571538657,87.4308571538657
430,36,40581,15,0,81.35861450425332,1.1731978849087925,34.21664368661013,1.1731978849087925
431,45,108929,11,1,218.23335079013344,2.1784133863201927,89.97175370237358,89.97175370237358
432,43,43051,12,1,86.56203740106616,0.8711832962037321,35.9959982566302,35.9959982566302
433,54,71474,17,1,143.47991189703234,1.802781204711626,59.69474596352457,59.69474596352457
434,43,111748,19,0,223.6421503702745,2.3804629616918134,92.33732310980162,2.3804629616918134
435,40,89626,15,1,179.60938364504923,1.9610032257571808,74.30475668377687,74.30475668377687
436,26,26960,12,1,54.38177170441079,0.7411901436489677,22.993898825413286,22.993898825413286
437,29,55772,16,1,112.01077012412416,1.3632983650254114,46.667606414675085,46.667606414675085
438,18,41520,13,1,83.38657806230486,1.0756193496452882,34.93025057456723,34.93025057456723
439,18,69481,18,1,139.56847822527314,1.8609070140768498,58.18829830418611,58.18829830418611
440,64,56408,14,0,112.98722097061282,1.432008081136393,47.12689646938153,1.432008081136393
441,51,114006,12,1,228.46550500200627,2.4361879598220546,94.32238996062456,94.32238996062456
442,49,77134,11,1,154.74629088762813,1.8981241072784276,64.29664046232969,64.29664046232969
443,42,40491,20,1,81.45295880235767,1.066934276345581,34.14811779728865,34.14811779728865
444,57,21341,11,1,43.09852270560443,0.66900835087721,18.408417433118984,18.408417433118984
445,62,64623,12,0,129.30003390431102,1.3784514024988297,53.59846496422325,1.3784514024988297
446,18,110327,11,1,221.03360257763578,2.4517717905730545,91.36521282162737,91.36521282162737
447,33,20338,13,0,40.82528300002347,0.6348972596107403,17.465010459620128,0.6348972596107403
448,56,91431,11,0,182.88873576664338,2.156843791152637,75.81233809781,2.156843791152637
449,22,32254,19,0,64.66618552271609,1.097148947119423,27.46362315620586,1.097148947119423
450,39,71860,18,0,143.8536033020031,1.7384860668008337,59.77992738760208,1.7384860668008337
451,46,31344,11,1,63.10510461228102,0.768986035918376,26.511027880830785,26.511027880830785
452,20,21750,18,0,43.70873506308327,0.7634903266967891,18.7469843519301,0.7634903266967891
453,29,74756,15,0,149.69910764021884,1.9826771460034343,62.36232020209097,1.9826771460034343
454,43,87957,10,1,176.36394083223894,2.121046848110808,73.16662318100639,73.16662318100639
455,33,78053,13,1,156.60460584232862,1.724233181463135,64.8660755183946,64.8660755183946
456,54,90855,10,1,182.14036227268417,2.097122533800135,75.45326744287381,75.45326744287381
457,39,35896,15,1,72.33636679494472,0.8447768571102736,30.279323575088164,30.279323575088164
458,46,75761,13,1,151.95797512606325,1.7304857538942637,63.01367580431957,63.01367580431957
459,31,82552,12,0,165.2153339422875,1.7982835647137543,68.38441714162876,1.7982835647137543
460,45,97454,12,0,195.058365368168,2.2960079457572444,80.81935409302444,2.2960079457572444
461,22,110600,18,1,221.6691794412504,2.442928248021159,91.61060002452133,91.61060002452133
462,64,47935,15,0,96.11262823643877,1.3016350235422474,40.24668631811775,1.3016350235422474
463,47,57641,18,1,115.81854917365676,1.5128910121565964,48.3403106816193,48.3403106816193
464,63,49711,14,0,99.59951390720997,1.2566751170270491,41.59648067991104,1.2566751170270491
465,22,90342,11,0,180.80057096720208,2.19399829507444,75.01422668195526,2.19399829507444
466,29,32182,17,1,64.81362614142925,1.1596097192334311,27.585060175805133,27.585060175805133
467,33,107833,14,1,216.1410662502284,2.4222207181547026,89.37864721824607,89.37864721824607
468,43,76276,11,1,152.90564512740767,1.7109283699400009,63.37318642090307,63.37318642090307
469,43,39541,13,1,79.58871817667205,0.9001326681196834,33.2356199387885,33.2356199387885
470,38,114457,18,0,229.08511816473074,2.648714101276079,94.78276136716839,2.648714101276079
471,56,102310,13,0,204.76525533666202,2.5015303255745995,84.90763246023943,2.5015303255745995
472,53,64813,13,1,130.01051994619036,1.5433864660472079,54.047594444523355,54.047594444523355
473,50,57198,11,1,114.84214931315596,1.4368359283143781,47.87369565357677,47.87369565357677
474,47,28820,15,0,57.76731291935808,0.7366502676080736,24.34357543535131,0.7366502676080736
475,54,44070,20,1,88.67246143951526,1.23792250702664,37.20690708283274,37.20690708283274
476,40,89768,11,0,179.6838696734489,2.0616065305802653,74.43515439995983,2.0616065305802653
477,27,31122,16,0,62.37161839432057,0.9530262398048055,26.401673597533037,0.9530262398048055
478,22,100559,12,0,201.1818235439543,2.3336467334410558,83.30637615102277,2.3336467334410558
479,53,93543,12,1,187.58259499582726,2.0505928115441336,77.58363080987505,77.58363080987505
480,51,103441,14,1,207.31238504829855,2.1738211451176332,85.59877516443706,85.59877516443706
481,48,61786,12,0,123.70324244080228,1.5879290230322272,51.569225999353144,1.5879290230322272
482,27,114934,11,1,230.30227322623236,2.4250650710729094,95.04597436156585,95.04597436156585
483,36,119804,19,0,239.73531499350509,2.826740402750198,99.22086640015225,2.826740402750198
484,49,26737,18,0,53.677133306841,0.9398256866488415,22.910679009385245,0.9398256866488415
485,18,56062,11,0,112.23895632680774,1.1748646804968008,46.5704472112199,1.1748646804968008
486,22,74237,20,0,148.64182346511475,1.989652541724003,61.94638192776991,1.989652541724003
487,62,71571,11,0,143.19417320075812,1.5947632805471033,59.372432560850356,1.5947632805471033
488,21,45510,17,1,91.52029427739785,1.2557054621986963,38.36382317315784,38.36382317315784
489,33,39426,18,1,79.38838560040975,1.1127017436034443,33.36805598376734,33.36805598376734
490,41,57265,16,1,114.99892952586964,1.627559150223291,48.12713096057115,48.12713096057115
491,33,37850,12,0,75.74827673290753,1.1313490208184063,31.930659713981417,1.1313490208184063
492,19,86150,18,0,172.4271333591413,1.901766541622928,71.37261988527945,1.901766541622928
493,45,107312,12,0,214.7223938145338,2.6121227121908186,89.00108023800435,2.6121227121908186
494,49,109613,14,0,219.44423098705803,2.4044293267484806,90.6821217215717,2.4044293267484806
495,44,94910,18,1,190.28766246689506,2.4684436676981836,79.08350865445621,79.08350865445621
496,37,72375,12,0,144.8465715538601,1.6618790427860015,60.10050766433004,1.6618790427860015
497,41,55435,16,1,111.24632576001619,1.3946083293908065,46.393138633397285,46.393138633397285
498,29,116443,10,1,233.25316576049448,2.504127226692218,96.30539353089002,96.30539353089002
499,52,77132,13,0,154.33235318230047,1.7625610355020513,63.99550230842224,1.7625610355020513
500,50,98945,13,1,198.26984100845388,2.4913396537823225,82.29927605716388,82.29927605716388
501,50,102050,16,1,204.56599753400795,2.353363680067937,84.67976269367112,84.67976269367112
502,60,115402,17,1,231.25394178971945,2.617810356746131,95.61938707263391,95.61938707263391
503,54,22983,10,1,46.45097472263357,0.6673610757492945,19.747750964802723,19.747750964802723
504,29,117241,14,0,234.67590016863537,2.5280864803075302,96.8984465477617,2.5280864803075302
505,20,40662,16,0,81.45355580310948,1.292952053429025,34.37437437467282,1.292952053429025
506,18,43510,13,0,87.10415910791296,0.9830919164306869,36.32475555959587,0.9830919164306869
507,50,98187,13,0,196.5731320967832,2.1623391392928597,81.29159197800614,2.1623391392928597
508,57,60998,13,1,122.50900212447418,1.5736260309846795,51.077226880774354,51.077226880774354
509,27,76846,15,0,153.73228758782273,1.8411552130767432,63.83407024820584,1.8411552130767432
510,60,114071,16,1,228.60664288119858,2.6563415182500045,94.59899867072944,94.59899867072944
511,61,26640,11,1,53.67740608460516,0.9061164116685431,22.877078845510606,22.877078845510606
512,46,64547,14,0,129.26645600700297,1.6713201548332481,53.877902557634435,1.6713201548332481
513,30,74620,13,0,149.4671334062081,1.7661476345141147,62.053000996997355,1.7661476345141147
514,29,35317,12,1,71.02979714903361,1.15527426498518,30.067193124598628,30.067193124598628
515,48,27564,16,1,55.484965074266796,0.8084463851203767,23.502432414827098,23.502432414827098
516,63,47345,20,1,95.21895038500746,1.336869035900745,39.92444918990373,39.92444918990373
517,19,114223,15,0,228.66549820343022,2.581415966849723,94.54761524822182,2.581415966849723
518,52,99273,16,0,198.690812010924,2.295217823398302,82.2715426277679,2.295217823398302
519,40,94859,14,0,189.82274812599303,2.070258934303884,78.4993581847011,2.070258934303884
520,34,100765,15,0,201.6581370297311,2.15693501748395,83.32018982937639,2.15693501748395
521,43,94038,14,1,188.55851026835654,2.2024801574379196,78.12588426478054,78.12588426478054
522,25,72393,16,1,145.22327695293575,1.7045126214449344,60.29382340261924,60.29382340261924
523,46,86081,11,1,172.58843801501718,2.132400878898128,71.667776084905,71.667776084905
524,43,49430,20,1,99.361390145787,1.3813457676764762,41.62590182599128,41.62590182599128
525,27,95532,14,1,191.50023101937884,2.165491074250851,79.2655834820024,79.2655834820024
526,43,47788,15,0,95.76106461633762,1.3651939786402654,40.16961982517531,1.3651939786402654
527,51,115505,15,0,231.13607100500678,2.6503192637447723,95.6047476657475,2.6503192637447723
528,58,68543,14,1,137.5044706719909,1.6333082572212954,57.135096526017655,57.135096526017655
529,24,33919,19,0,68.06788014249999,0.9943068252235557,28.721458882223555,0.9943068252235557
530,21,89346,16,1,179.10265373379158,2.4726901803999075,74.61375167391654,74.61375167391654
531,62,116122,19,1,232.6899889904589,2.738618576226174,96.31461417240973,96.31461417240973
532,28,59974,17,0,120.05498428543282,1.6479229577384398,50.16991667191157,1.6479229577384398
533,46,36371,16,1,73.24445054566382,0.9451254479766504,30.74290566624218,30.74290566624218
534,53,65084,14,1,130.60273815159593,1.5238814613576328,54.26497672199601,54.26497672199601
535,42,49629,10,1,99.59231924269604,1.403814588829029,41.740742285907444,41.740742285907444
536,38,71184,14,1,142.85069042811546,1.8433730939355635,59.48364926518175,59.48364926518175
537,53,81916,19,1,164.29422289192124,2.0640822103733285,68.28177136714183,68.28177136714183
538,27,93972,11,0,188.01041609605818,2.061282910820298,77.76544934924357,2.061282910820298
539,54,82187,14,0,164.50421607205612,1.9003364228043427,68.2020228516268,1.9003364228043427
540,26,32984,14,1,66.4819361804734,0.8720689264743872,27.96484339866375,27.96484339866375
541,41,53039,11,1,106.46825189017517,1.165095066986136,44.252395823056204,44.252395823056204
542,52,105431,14,0,211.03076694320575,2.4810044184261018,87.3933111957084,2.4810044184261018
543,52,103691,13,0,207.54835400102255,2.387703122279206,85.90704472268823,2.387703122279206
544,53,78606,10,1,157.6341636649003,1.8457278816342275,65.39939334759435,65.39939334759435
545,35,30616,12,1,61.71555358248371,0.8186302012037736,26.00485163419726,26.00485163419726
546,56,70072,10,1,140.50864419976838,1.6270038975133163,58.33046157742068,58.33046157742068
547,49,44574,20,1,89.59583325784747,1.2482756235025865,37.586608926641574,37.586608926641574
548,41,23430,14,0,46.94685166719875,0.6758691937229694,19.95460986060247,0.6758691937229694
549,40,32676,13,0,65.47477657923501,1.0802262436142178,27.77013687530822,1.0802262436142178
550,49,30816,16,1,62.04464766710797,0.9484707296840743,26.266329796527263,26.266329796527263
551,54,52733,14,0,105.61337704559328,1.3854054338286543,44.130756252065964,1.3854054338286543
552,29,105680,19,0,211.55384942098627,2.5771754013857504,87.69871516978026,2.5771754013857504
553,30,22050,13,0,44.28092866515931,0.7144040886233025,18.926775554687026,0.7144040886233025
554,40,53933,11,1,108.2905572154118,1.3227232744025157,45.13894616056724,45.13894616056724
555,42,44951,13,1,90.31119240720692,1.050357482304629,37.67483444518739,37.67483444518739
556,52,52413,11,0,104.95654246022164,1.1786484971563416,43.661265481244996,1.1786484971563416
557,58,54801,17,0,109.7204902990051,1.3412385244871554,45.729434644089196,1.3412385244871554
558,47,75619,12,1,151.6560929655988,1.8129258416820535,62.97536302792157,62.97536302792157
559,34,52913,18,1,106.32197006167979,1.4253490652822065,44.45413708995412,44.45413708995412
560,37,60600,13,0,121.33646587990751,1.3823968436234413,50.41698319558645,1.3823968436234413
561,42,77775,15,0,155.72075325474682,1.9135098841635207,64.70181118606226,1.9135098841635207
562,39,110816,19,0,221.78979769921438,2.6506656460954106,91.86658472578117,2.6506656460954106
563,30,110093,14,1,220.68360157014047,2.412363400870064,91.18580402892626,91.18580402892626
564,36,55400,19,0,111.08110844746977,1.4852172455370727,46.417660624524984,1.4852172455370727
565,53,24494,10,0,49.00786619275707,0.7445941675060478,20.847740644608876,0.7445941675060478
566,29,100688,18,1,201.7952201002023,2.2879244645880576,83.50601250466899,83.50601250466899
567,58,109431,10,1,219.26415415040123,2.4452426764895954,90.6509043366501,90.6509043366501
568,36,94691,17,0,189.53917245097236,2.2639223604163563,78.57959134080531,2.2639223604163563
569,29,117419,18,1,235.41282062028864,2.608460029449897,97.27358827756537,97.27358827756537
570,26,63001,18,0,126.19298921617124,1.6419996734998104,52.61919535996831,1.6419996734998104
571,24,87364,10,1,175.19762726268632,1.9838448586655906,72.56289576374013,72.56289576374013
572,45,65028,11,0,130.06354380567734,1.4579598873861201,53.98337740965706,1.4579598873861201
573,31,117659,10,1,235.75870847416664,2.4984516350133794,97.30193502468005,97.30193502468005
574,48,57573,19,0,115.30022415903709,1.430618006906881,48.05070767052172,1.430618006906881
575,36,20806,11,1,41.98542287151901,0.5912201030876106,17.885389251695216,17.885389251695216
576,64,76638,19,1,153.7535820986794,1.9115517989562851,63.91298463842804,63.91298463842804
577,33,49757,17,1,99.91277081801344,1.2806877841305682,41.74579611133595,41.74579611133595
578,22,54636,14,1,109.73413927626609,1.2242312101756114,45.61788692068205,45.61788692068205
579,52,100097,20,1,200.70353574833587,2.3330811975363375,83.11449549687069,83.11449549687069
580,29,68280,16,0,136.73330961240936,1.6438707893188,56.83719463428254,1.6438707893188
581,42,44262,11,0,88.67835155110664,1.1869238709632253,37.15826449140589,1.1869238709632253
582,38,100435,17,1,201.41573910230971,2.408176491477693,83.47447213240159,83.47447213240159
583,53,82211,20,0,164.6038144475456,2.1278421078875005,68.46936788690574,2.1278421078875005
584,40,74842,15,1,150.15786753198685,1.7229381103001034,62.28608512309485,62.28608512309485
585,33,76979,17,1,154.44264941041675,1.8937350779079345,64.17079484207464,64.17079484207464
586,56,101470,10,0,203.05888072531644,1.9870953500998472,83.71064764022643,1.9870953500998472
587,62,58197,10,1,116.8136298832233,1.4068320398180991,48.63228399310742,48.63228399310742
588,59,61844,16,0,123.92752516722824,1.61796976739008,51.688979834281376,1.61796976739008
589,56,84754,17,1,169.95501615657554,1.9999174832139077,70.48192394584413,70.48192394584413
590,31,54157,12,0,108.35771320483983,1.3526829811721781,45.195768263108114,1.3526829811721781
591,48,97129,14,0,194.3631063115692,2.071087572462995,80.31633009709068,2.071087572462995
592,22,60042,10,1,120.52186334667677,1.3207333009600177,50.029478639630725,50.029478639630725
593,52,81665,16,1,163.7911664754324,2.029844923843228,68.04631151401618,68.04631151401618
594,40,102856,14,1,206.12862003297528,2.388245327853958,85.33969334104407,85.33969334104407
595,46,47376,17,1,95.1681751365795,1.2463345488955233,39.81360460352733,39.81360460352733
596,60,75554,17,0,151.28906430608652,1.9322162317404714,62.947841954175075,1.9322162317404714
597,28,34199,18,1,68.91022531376369,1.057809811679991,29.121899937185468,29.121899937185468
598,35,101412,16,0,202.99929360275482,2.2978179036077844,83.99753534470972,2.2978179036077844
599,64,70948,20,1,142.38333348344227,1.8006772689396708,59.25401066231658,59.25401066231658
600,29,93781,10,1,187.96933206421488,2.0300782308688468,77.71781105655481,77.71781105655481
601,26,92750,12,1,185.9270421483279,1.9766224049181473,76.8474392642493,76.8474392642493
602,27,86262,17,1,173.0034848465609,2.1909085805902104,71.89230251921457,71.89230251921457
603,61,66600,12,0,133.26078475244904,1.515197556670741,55.319511457650364,1.515197556670741
604,34,96898,17,1,194.27586631753073,2.1947239285703093,80.4050704555826,80.4050704555826
605,55,82483,10,0,165.0439701765767,1.6967251679486641,68.21431323857935,1.6967251679486641
606,24,38297,14,1,77.0860309303005,0.7823432132410875,32.11675558536128,32.11675558536128
607,63,50448,13,0,101.0326459320875,1.3391096868118988,42.252168059646905,1.3391096868118988
608,30,46172,14,1,92.82577396109114,1.2828008687036212,38.913110453140085,38.913110453140085
609,57,62874,17,1,126.20291093064752,1.716783858459471,52.69794823071848,52.69794823071848
610,59,27657,19,0,55.49071430811942,0.9182360683829819,23.61452179163075,0.9182360683829819
611,26,104386,13,0,208.9767125623128,2.3155207472706403,86.40620577219576,2.3155207472706403
612,44,45425,20,1,91.37181675942078,1.2577276886696858,38.306454392438,38.306454392438
613,19,46685,13,0,93.46427427337971,1.1520442370161799,39.03775394636806,1.1520442370161799
614,22,44578,12,0,89.32084872193103,1.2435390350740185,37.47187852384643,1.2435390350740185
615,46,48831,16,0,97.79533476332861,1.2939684751271043,40.91210238045855,1.2939684751271043
616,54,27906,12,0,55.94328490689057,0.8359270796001403,23.71324104235637,0.8359270796001403
617,55,81413,12,1,163.337833731543,1.8240593168039596,67.65919280942116,67.65919280942116
618,36,74028,20,1,148.48443588061812,2.012644790622071,61.90641914286932,61.90641914286932
619,25,27287,19,0,54.75521090391167,0.735266112056526,23.137350473621193,0.735266112056526
620,62,53660,14,0,107.48041358204512,1.2311475825281957,44.72331301534624,1.2311475825281957
621,18,95758,14,0,191.69423491673322,2.2331310524234564,79.41082501911676,2.2331310524234564
622,39,80504,15,0,161.09593830463197,2.0851410751230937,67.02351639697588,2.0851410751230937
623,34,79720,17,0,159.53321048657122,1.9118899800241231,66.22517417465262,1.9118899800241231
624,24,54701,19,0,109.64653746759952,1.3897829194272655,45.748397906467076,1.3897829194272655
625,42,103300,15,0,206.71397925715982,2.4660662705158343,85.65165797337977,2.4660662705158343
626,62,37674,10,1,75.70988587460012,0.98584984420149,31.769804194041537,31.769804194041537
627,21,103560,17,0,207.3675124836386,2.5402213811994243,85.98722637465487,2.5402213811994243
628,53,43874,17,1,88.2214851157366,1.088444891525566,36.87703893782021,36.87703893782021
629,23,63642,18,1,127.76781191138409,1.754006848601093,53.36113161315473,53.36113161315473
630,48,117820,18,1,236.11101002774245,2.561554254323173,97.50595826542016,97.50595826542016
631,36,85160,11,1,170.66880089666287,1.8943827853845132,70.66190314404966,70.66190314404966
632,61,37602,11,1,75.64778484746972,1.0133182752823926,31.772432214270285,31.772432214270285
633,56,108801,12,1,218.0424725260963,2.4346213378199097,90.15161034825843,90.15161034825843
634,44,45931,10,1,92.27043456626697,1.2246792335982368,38.63285306010503,38.63285306010503
635,27,114377,13,1,229.17818384803618,2.3648739982990783,94.53614753751356,94.53614753751356
636,43,49192,13,1,98.79938401753307,1.2579407479699036,41.27769435498313,41.27769435498313
637,36,66542,18,1,133.6096241694774,1.8108042032783949,55.75465387106936,55.75465387106936
638,56,62520,18,0,125.21293534683971,1.61632942270721,52.2015035614431,1.61632942270721
639,20,84772,18,0,169.7207969480733,1.9412060320233298,70.32952481125265,1.9412060320233298
640,62,78762,19,0,157.7404946577442,2.0559907394826658,65.65218860258034,2.0559907394826658
641,30,70106,16,1,140.68239804653402,1.6572889729856306,58.43024819159924,58.43024819159924
642,45,101121,11,1,202.73411380287703,2.1599876987937128,83.75363321994453,83.75363321994453
643,37,45559,19,1,91.51993166112632,1.1961664247116495,38.30413908916218,38.30413908916218
644,45,53742,14,1,107.93899537191837,1.3349714887051038,45.01056963747245,45.01056963747245
645,25,89669,13,0,179.4327197109764,2.0716860220372872,74.34477390642785,2.0716860220372872
646,58,100199,20,0,200.55089567326223,2.2770699945296924,82.99742826383459,2.2770699945296924
647,56,41754,17,1,83.95514678969778,1.0687154123270057,35.15077412820612,35.15077412820612
648,18,23972,11,1,48.35673397042409,0.6299917124137783,20.472685300583414,20.472685300583414
649,20,90831,15,1,182.11695345379619,2.0211211352113363,75.36790251672981,75.36790251672981
650,30,61873,14,0,123.81013468921608,1.521135822654943,51.545189698341375,1.521135822654943
651,45,114661,11,1,229.70494580851613,2.5493421596400885,94.93132048304655,94.93132048304655
652,42,29903,20,1,60.320061077573826,1.0204473810266594,25.64847181205619,25.64847181205619
653,50,23020,19,1,46.48615347746081,0.8629331888747803,19.957394579859105,19.957394579859105
654,55,61755,10,1,123.85426080476417,1.602199171528861,51.64390349343453,51.64390349343453
655,23,105956,17,1,212.26919338462537,2.5014883599627153,87.90916571381287,87.90916571381287
656,61,106988,11,0,214.05284032758124,2.438156424788925,88.55929255582143,2.438156424788925
657,62,65648,16,1,131.69851854005245,1.591498425022303,54.77090584104328,54.77090584104328
658,49,29516,18,1,59.4628033558445,1.0447206142661492,25.329841956603953,25.329841956603953
659,62,22396,18,1,45.25840898483602,0.7616847476206677,19.365048341555074,19.365048341555074
660,64,104082,17,1,208.60400855617286,2.462784832758859,86.404388255228,86.404388255228
661,38,39129,20,0,78.39968810530704,1.045443313181762,32.905318555304575,1.045443313181762
662,33,21591,19,0,43.266207921738335,0.8284434131988122,18.634926581894145,0.8284434131988122
663,38,31303,18,1,63.10111556525738,0.8885219764830663,26.62896820258602,26.62896820258602
664,28,50561,11,1,101.56964136069043,1.3248235654483906,42.45268010972456,42.45268010972456
665,54,91719,15,1,183.8681627510503,2.2219676461998787,76.26923274661999,76.26923274661999
666,53,112108,13,0,224.33271121517728,2.4554972612440906,92.68858174731501,2.4554972612440906
667,52,119616,13,1,239.6621405257843,2.8572774928624542,99.22213370317618,99.22213370317618
668,36,106231,14,1,212.98093917883062,2.376032170380653,88.06840784191292,88.06840784191292
669,37,27314,12,1,54.9696146103087,0.6250781099327474,23.11292395405623,23.11292395405623
670,35,39623,10,0,79.32527551370636,0.9145482029637321,33.144658408446276,0.9145482029637321
671,64,87675,17,1,175.73390135179335,1.989085897764215,72.78264643848155,72.78264643848155
672,58,116826,14,1,234.11011592293679,2.654480210178626,96.79852657935334,96.79852657935334
673,31,85082,12,0,170.27680208031063,1.818103697332755,70.42882452945702,1.818103697332755
674,32,103624,19,1,207.7481496056468,2.3985585984193754,85.9978184406781,85.9978184406781
675,48,53130,16,1,106.72765612812955,1.414055217053677,44.6051176683055,44.6051176683055
676,18,71756,16,1,144.02153541268518,1.7689845894711804,59.877598754545254,59.877598754545254
677,20,117624,10,0,235.37490664822843,2.5512156187658226,97.2011782780572,2.5512156187658226
678,33,46292,18,0,92.80552539788302,1.2984400519044068,38.92065021105761,1.2984400519044068
679,40,106206,11,0,212.46872326550516,2.307069990249235,87.7945592964513,2.307069990249235
680,28,89274,14,0,178.74765854324875,1.905104794433367,73.90416821173287,1.905104794433367
681,29,22469,14,0,45.04188186302555,0.6896961779255356,19.20644892313576,0.6896961779255356
682,27,73947,17,1,148.3307565228688,1.8658149784315288,61.69811758757905,61.69811758757905
683,49,42534,17,0,85.25154212886765,1.1769865011390597,35.77760335268613,1.1769865011390597
684,33,83620,16,1,167.71509591315248,2.0315488373130504,69.61758720257404,69.61758720257404
685,25,68874,16,1,138.15440715988836,1.6388016970490515,57.4005645610044,57.4005645610044
686,55,69708,20,1,139.9073360354113,1.893593607987793,58.35652802215232,58.35652802215232
687,29,94553,15,1,189.6304117658435,1.9354282132528668,78.28759291959027,78.28759291959027
688,41,88344,15,1,177.06458317192332,2.081024051292336,73.40685732006166,73.40685732006166
689,45,69138,20,1,138.85026096205064,1.917648034712128,57.95775241953239,57.95775241953239
690,25,74302,18,0,148.77191507742918,1.9958098516041463,62.00457588257582,1.9958098516041463
691,45,67638,15,0,135.30911225832827,1.6295773830757527,56.253222286407066,1.6295773830757527
692,53,98249,11,1,196.83966341332587,2.0523601844357118,81.28822554976607,81.28822554976607
693,43,22719,11,1,45.79982612311324,0.811027284234336,19.630957733479633,19.630957733479633
694,25,42890,14,0,85.88880353496087,1.1326134833194441,35.988134897303794,1.1326134833194441
695,45,97236,13,1,194.89676433706876,2.188823046073012,80.64752878090052,80.64752878090052
696,45,56509,20,1,113.38282599351193,1.440894535912227,47.294024933317004,47.294024933317004
697,54,62534,11,0,125.18734021962388,1.3456912519141742,51.920627339763726,1.3456912519141742
698,58,112241,12,1,224.84924547458377,2.5412063168924353,92.98090450672595,92.98090450672595
699,53,38787,16,1,78.10352612858004,1.1627271454758663,32.90413759690789,32.90413759690789
700,44,68845,17,0,137.84649116396278,1.7370544001799422,57.37565086576506,1.7370544001799422
701,34,77932,15,1,156.36114230858666,1.7822354218406158,64.82669234527528,64.82669234527528
702,26,112124,20,0,224.50351744899572,2.535980117489085,92.83738709708739,2.535980117489085
703,50,111659,14,1,223.81216366217333,2.369955134478011,92.39482059934734,92.39482059934734
704,37,53062,10,0,106.19567966285186,1.2051854823922028,44.18345734753295,1.2051854823922028
705,30,95713,17,0,191.56703999211393,2.1536746435251035,79.28049064037069,2.1536746435251035
706,45,107263,12,1,214.9347513350356,2.2143290304708962,88.68822956448514,88.68822956448514
707,46,115756,15,1,231.99381186876897,2.680254501235305,95.9777792487429,95.9777792487429
708,30,80461,12,0,161.0164652365123,1.7173136138515033,66.62389970845642,1.7173136138515033
709,63,95418,16,0,190.9900368763205,2.3267522681430735,79.22276701867126,2.3267522681430735
710,52,86672,16,1,173.817679690817,2.0928471710113463,72.11991904733814,72.11991904733814
711,23,54832,18,0,109.79875540369761,1.48607411876184,45.905576280240886,1.48607411876184
712,35,51966,14,0,104.02359458558355,1.4858509046060093,43.595288738839436,1.4858509046060093
713,22,92545,17,0,185.2520868059298,2.0623197365935475,76.66315445896547,2.0623197365935475
714,64,32987,19,0,66.16270894074758,1.1271171996048797,28.092200775903912,1.1271171996048797
715,42,57311,19,1,115.13369427400008,1.4964557426978569,48.049933452297886,48.049933452297886
716,19,51575,17,1,103.65359432874759,1.6286070156629542,43.590044747162,43.590044747162
717,27,83852,10,0,167.7490468589714,1.8389605568860792,69.43857930047464,1.8389605568860792
718,47,21007,14,1,42.413395753402824,0.6459091663874381,18.11126746774857,18.11126746774857
719,62,90981,12,0,182.03346238562187,2.102173577485727,75.41555853173448,2.102173577485727
720,22,96242,10,1,192.9546223700796,2.1039491467791365,79.78579809481099,79.78579809481099
721,50,67517,13,1,135.45798647048989,1.5344937037700133,56.21768829196597,56.21768829196597
722,18,49257,17,0,98.68480646476225,1.2281123216064165,41.20203490751132,1.2281123216064165
723,35,107272,12,1,214.9668887182007,2.5312604488387405,89.01801593611901,89.01801593611901
724,49,62207,19,1,124.86821649931412,1.507793836810001,51.95508043653565,51.95508043653565
725,64,33281,11,0,66.7502134759473,0.90792875603805,28.108014146416973,0.90792875603805
726,28,81246,20,0,162.71255133274093,2.1305384139626096,67.71555894705898,2.1305384139626096
727,38,21435,18,0,43.05197952648889,0.8991494985442633,18.61994130913982,0.8991494985442633
728,43,118875,19,1,238.18473717894247,2.697334759781856,98.47122963135885,98.47122963135885
729,42,111357,14,1,223.09590337541718,2.4865215199374244,92.22488287010431,92.22488287010431
730,39,46660,16,1,93.76455462341971,1.213180649898563,39.219002499266445,39.219002499266445
731,44,25084,20,1,50.63300041032141,0.7481781237334125,21.50137828786198,21.50137828786198
732,30,102197,20,1,204.8406277827227,2.4976917383020116,84.9339428513911,84.9339428513911
733,50,33507,11,1,67.40545209902142,0.8939903645634809,28.35617120417205,28.35617120417205
734,51,92595,18,1,185.6591785985862,2.355958508060188,77.11962994749467,77.11962994749467
735,58,103807,18,0,207.80108927102302,2.3538194902698577,85.97425519867907,2.3538194902698577
736,52,65539,13,1,131.4828040264313,1.6796496558617697,54.77277126643429,54.77277126643429
737,18,27491,13,1,55.361619965266996,0.9257434150284206,23.570391401135222,23.570391401135222
738,38,70192,15,0,140.48535395570045,1.708547168680789,58.40268875096097,1.708547168680789
739,23,100395,19,1,201.3406486364613,2.1708138429166333,83.20707329750115,83.20707329750115
740,45,83888,19,0,167.90341211568193,2.006503234255571,69.66786808052835,2.006503234255571
741,34,93609,19,1,187.7261591149146,2.430767112430412,78.02123075839626,78.02123075839626
742,22,29077,15,1,58.62997731648872,0.911245577149191,24.86323650374468,24.86323650374468
743,48,40953,10,0,81.99993622620822,1.0883999705871887,34.38837446107048,1.0883999705871887
744,22,96919,18,0,194.10639145292026,2.2894633418365036,80.43201992300462,2.2894633418365036
745,55,87889,11,0,175.9130859496514,1.9554357090136874,72.82067008887424,1.9554357090136874
746,20,43821,14,1,88.17414515241522,0.9696855431300496,36.739343604096135,36.739343604096135
747,40,57567,18,0,115.28144679990426,1.5908139217055308,48.203392641667236,1.5908139217055308
748,54,44860,13,1,90.11830272950532,1.2651681204722376,37.812489212274365,37.812489212274365
749,54,41195,20,0,82.616376857934,1.128813771453331,34.675364514626935,1.128813771453331
750,27,97475,12,1,195.35692671813408,2.1716144878491694,80.8143851751028,80.8143851751028
751,27,110874,16,1,222.2922832712446,2.506105872264571,91.92301918076241,91.92301918076241
752,36,107266,15,0,214.69908501918155,2.4873353293986287,88.86696933707125,2.4873353293986287
753,34,41427,17,1,83.27177128900716,1.1141036418490906,34.92281215745196,34.92281215745196
754,38,47083,12,0,94.1991591795728,1.2747940923183,39.45445776414743,1.2747940923183
755,31,107046,14,1,214.52808807038284,2.4280524316124494,88.73928765976558,88.73928765976558
756,26,77372,19,0,154.92954384352333,1.6724976944415304,64.14431523185087,1.6724976944415304
757,63,64064,13,0,128.27368829616543,1.5855520275192645,53.39502734598544,1.5855520275192645
758,18,27813,13,0,55.8165345286878,0.9158950987590786,23.7425089102342,0.9158950987590786
759,62,51598,13,0,103.37995566519969,1.1767538339735062,43.028736100053386,1.1767538339735062
760,30,113106,19,0,226.37305494838319,2.6829926934974577,93.73221467285073,2.6829926934974577
761,21,47082,17,1,94.56930902990977,1.4646359669754212,39.79235957893933,39.79235957893933
762,18,49241,15,1,98.87029394324955,1.296026637517824,41.344144214817646,41.344144214817646
763,57,116214,12,0,232.51115991473392,2.6784428864329493,96.18290685232652,2.6784428864329493
764,49,64569,19,1,129.60966342259806,1.627164502976348,53.97102987201558,53.97102987201558
765,51,31745,14,0,63.64525310694826,0.9131035711542844,26.87120481393359,0.9131035711542844
766,45,46029,15,1,92.4679516201552,1.2001178712073655,38.687298519269454,38.687298519269454
767,48,33025,14,1,66.50401959855566,0.9017879573652444,28.00339579678751,28.00339579678751
768,25,34288,15,1,69.04410200729296,0.9709877954916923,29.088628598408878,29.088628598408878
769,56,109186,17,1,218.84916719412982,2.360651821907568,90.4003186995595,90.4003186995595
770,43,26540,16,0,53.18356885014936,0.8177119865616703,22.591139526621415,0.8177119865616703
771,51,117768,14,1,235.9993913362618,2.769140645542679,97.6688971800474,97.6688971800474
772,20,101958,19,1,204.51006348143835,2.322790994314817,84.62681638689016,84.62681638689016
773,29,88878,15,0,177.91829484134564,1.970946672852669,73.63826460939092,1.970946672852669
774,18,61846,13,1,123.97434624496744,1.5030412371394755,51.592779735126456,51.592779735126456
775,61,95932,18,0,192.10604397860234,2.2897583143357245,79.63217590577668,2.2897583143357245
776,22,37482,13,1,75.35886261116502,1.0473864719053987,31.690931516371407,31.690931516371407
777,47,43411,10,0,87.03528563452478,1.0568461426815363,36.37096039649145,1.0568461426815363
778,47,70975,16,0,142.1158181725683,1.7466864164458336,59.09301368547316,1.7466864164458336
779,34,80545,16,1,161.4657649653007,1.8958115226371004,66.98211750875738,66.98211750875738
780,64,98797,13,1,197.92076512550207,2.1083603844700036,81.77666643467084,81.77666643467084
781,40,72307,12,0,144.81098703813382,1.6790008131689351,60.10339562842246,1.6790008131689351
782,32,23093,17,0,46.41129524929587,0.8743196996442464,19.938837799362595,0.8743196996442464
783,54,97258,14,1,195.06730094428832,2.2766654626352336,80.80358584035056,80.80358584035056
784,38,42042,19,0,84.27454622427868,1.046415787306071,35.25623427701755,1.046415787306071
785,31,72930,16,0,146.01717350583104,1.8037925363309084,60.71066193866333,1.8037925363309084
786,19,64413,13,1,129.23686406039207,1.4589830474142833,53.653728671571116,53.653728671571116
787,28,113623,13,1,227.64308548793704,2.6716764005221387,94.22891059569697,94.22891059569697
788,56,117883,17,0,235.91637852227709,2.730286978292838,97.59683838720368,2.730286978292838
789,55,53756,17,1,107.9928731666162,1.5047483960130608,45.20189766265955,45.20189766265955
790,51,73268,11,1,146.9038049606544,1.6874768144414862,60.94899879870326,60.94899879870326
791,55,59214,11,1,118.75453553265629,1.3976745001102522,49.39948871317277,49.39948871317277
792,51,101871,12,1,204.1699938317007,2.427004491765325,84.59500202444562,84.59500202444562
793,35,48602,12,0,97.28069022006534,1.3093174396625016,40.72159352768864,1.3093174396625016
794,47,73331,10,0,146.60002811375298,1.6784058652247547,60.81841711072595,1.6784058652247547
795,32,68901,12,0,137.94962836953286,1.5980533573862603,57.27790470519941,1.5980533573862603
796,44,119986,15,1,240.36659704809418,2.529002527446913,99.17564134668459,99.17564134668459
797,51,83416,17,0,167.0350894727345,2.0407767534874144,69.35481254258123,2.0407767534874144
798,55,52196,19,1,104.9138924053258,1.4113096030680288,43.87686656519835,43.87686656519835
799,50,25626,15,0,51.41617950057614,0.8679156047082277,21.934387404938686,0.8679156047082277
800,41,27424,14,0,55.11284089201782,0.9142618841534788,23.45939824096061,0.9142618841534788
801,32,32857,13,1,66.13709740750137,1.0404321095047249,27.995271072505275,27.995271072505275
802,47,39982,12,0,80.06971802162508,1.0733392910894404,33.601226499739475,1.0733392910894404
803,59,96961,13,0,194.08618362107083,2.09458395348718,80.22905740191551,2.09458395348718
804,34,21980,16,1,44.417227631894306,0.5446686449081868,18.81155969766591,18.81155969766591
805,22,68290,10,0,136.7380246768697,1.4833300139643208,56.67853988471221,1.4833300139643208
806,46,46431,16,1,93.25855970462122,1.381968849950507,39.185392731799,39.185392731799
807,21,104976,10,1,210.28939127762678,2.4818691469299443,87.09762565798066,87.09762565798066
808,27,102711,11,0,205.57029047456632,2.250429924823083,84.97854611464962,2.250429924823083
809,34,46385,13,1,93.14175945303306,1.0416040745717647,38.79830785578499,38.79830785578499
810,27,58158,10,1,116.74645493032213,1.2983186424997162,48.49690061462857,48.49690061462857
811,34,43019,20,0,86.25650014231051,1.374160582269787,36.376760639193996,1.374160582269787
812,37,38639,20,0,77.44327558569863,1.1136786826472893,32.59098891692674,1.1136786826472893
813,41,105530,20,0,211.27835850801165,2.5695123947667518,87.58085579797141,2.5695123947667518
814,22,119911,18,1,240.2402703777108,2.7750758301298037,99.37118398121413,99.37118398121413
815,51,41563,15,0,83.22600500368682,1.2022603259037055,34.99266232737844,1.2022603259037055
816,23,59341,10,1,119.07014061307939,1.5686210998947037,49.69667734512647,49.69667734512647
817,19,25776,10,1,51.955946390953606,0.774498147553434,22.05687670393488,22.05687670393488
818,30,56444,15,1,113.32281807315061,1.443571627663793,47.272698856924045,47.272698856924045
819,60,88916,13,0,177.98365579819364,2.231157356580892,73.92461967585835,2.231157356580892
820,60,28711,13,0,57.57142332075242,0.8691752101625062,24.397744538463478,0.8691752101625062
821,28,94318,20,1,189.21246834041742,2.20706525026684,78.3920525864338,78.3920525864338
822,64,102970,15,0,206.08523573264276,2.4281465289769484,85.36224082203407,2.4281465289769484
823,40,105553,20,0,211.3657281715592,2.555805554213297,87.60209682283698,2.555805554213297
824,33,50707,16,0,101.6200362756447,1.30334976577294,42.45136427603082,1.30334976577294
825,48,59110,18,0,118.51469886416466,1.4904413947533728,49.396320940419244,1.4904413947533728
826,28,81788,19,1,164.0596370990049,1.9859340512685095,68.10978889087048,68.10978889087048
827,33,102879,14,0,205.87698206392736,2.2843910642498244,85.13518388982078,2.2843910642498244
828,25,58827,18,0,117.8968847111122,1.5099640181287108,49.16871790257359,1.5099640181287108
829,21,25655,13,0,51.45927162858707,0.6888203397758139,21.772528991210642,0.6888203397758139
830,57,64859,19,1,130.27208296083919,1.7157954688159816,54.32462865315166,54.32462865315166
831,21,73625,11,1,147.6958399398995,1.723620131395882,61.30195610735569,61.30195610735569
832,42,72098,12,0,144.21066189543004,1.716480177722947,59.90074493589497,1.716480177722947
833,20,35251,20,1,71.02081608885156,1.0987830660563347,30.00710950159696,30.00710950159696
834,49,20526,10,1,41.46756079489757,0.5927536743974938,17.679777992356524,17.679777992356524
835,20,88760,15,1,177.97665534512322,2.2194005797653515,73.91006271781464,73.91006271781464
836,44,67837,15,1,136.11738784729386,1.6634805886837805,56.61043572760133,56.61043572760133
837,46,31536,10,0,63.09239282361029,0.9570966846055478,26.694053814049667,0.9570966846055478
838,49,48541,20,0,97.32570884586193,1.2711784016833687,40.701461940028146,1.2711784016833687
839,36,99083,12,0,198.30468842140468,2.2805777834201377,82.10245315198202,2.2805777834201377
840,38,71027,14,0,142.24909783486987,1.6270696963339986,59.02670883028195,1.6270696963339986
841,22,54531,12,1,109.40506222378623,1.2750048071706668,45.53702969668516,45.53702969668516
842,35,28712,19,0,57.63935672447726,0.913049416007245,24.468792105798148,0.913049416007245
843,45,85455,12,0,171.01826703312267,1.9016401031396222,70.80894691638869,1.9016401031396222
844,59,94744,19,1,189.9851894004963,2.227919534351815,78.72199529455034,78.72199529455034
845,39,25109,12,1,50.62684201829095,0.8639075089890565,21.614644316305437,21.614644316305437
846,38,69268,14,0,138.703180396374,1.6699011173117642,57.65117327586137,1.6699011173117642
847,23,74615,14,0,149.3618563439504,1.7948055389209612,62.03954807650112,1.7948055389209612
848,18,102503,13,0,205.0834042537472,2.264344003644855,84.79770570514374,2.264344003644855
849,22,49759,10,1,99.9223212709393,1.280873930371811,41.74980243874754,41.74980243874754
850,58,105708,14,0,211.54529127314322,2.4296656278238924,87.54778213708119,2.4296656278238924
851,29,80112,19,0,160.40983031894353,1.9513471355650263,66.61527926314244,1.9513471355650263
852,43,46589,14,1,93.45860942619798,1.0533516107373357,38.936795381216534,38.936795381216534
853,63,50015,13,0,100.19413180417843,1.2819296458401872,41.85958236751156,1.2819296458401872
854,51,49009,15,1,98.45226681913266,1.337747952253546,41.218654679906614,41.218654679906614
855,31,103309,19,0,206.7405923212991,2.3482952161676653,85.54453214468731,2.3482952161676653
856,43,82046,13,0,164.2681281758424,1.8713805381300839,68.07863180846705,1.8713805381300839
857,62,46143,16,1,92.77781828638764,1.2965760501460957,38.90770336470115,38.90770336470115
858,44,26154,16,1,52.75163399018625,0.6859871942878233,22.286640790362323,22.286640790362323
859,26,41804,11,0,83.660391531024,0.9911947816590112,34.955351394068614,0.9911947816590112
860,43,61688,12,1,123.80490153673398,1.5114508941626403,51.53341150885624,51.53341150885624
861,64,84288,10,1,168.98215530422937,1.9962618438851611,70.08912396557692,70.08912396557692
862,39,71195,17,1,142.9062167141496,1.982477981227117,59.64496466688696,59.64496466688696
863,64,40581,18,0,81.31981322425699,1.367485476836709,34.39541076653951,1.367485476836709
864,47,72648,13,1,145.78574610674326,1.727336948231601,60.54163539092891,60.54163539092891
865,60,50087,15,0,100.29698734983323,1.2533173118518048,41.8721122517851,1.2533173118518048
866,34,69930,18,0,139.9727084107729,1.8509122267770886,58.33999559108625,1.8509122267770886
867,43,52981,15,0,106.05538586222615,1.3052607076276344,44.22741505251809,1.3052607076276344
868,53,89298,18,0,178.77287942304324,2.069750471505435,74.07890224072273,2.069750471505435
869,18,66167,13,1,132.76072427454707,1.5528133947634901,55.15710310458232,55.15710310458232
870,25,95304,17,0,190.79439305703752,2.2030126699822894,79.0207698927973,2.2030126699822894
871,52,63408,18,0,126.99148129844409,1.6694230623065878,52.966015581684225,1.6694230623065878
872,32,59499,13,1,119.47686592580321,1.389739837786564,49.68048620810785,49.68048620810785
873,64,72269,14,0,144.66494529507688,1.7338922057297816,60.099870323760534,1.7338922057297816
874,39,58559,17,0,117.18818618675644,1.6706753451405323,49.04594981984311,1.6706753451405323
875,31,94319,19,0,188.82194516557672,2.278594071407405,78.3073721376381,2.278594071407405
876,43,115317,15,0,230.6836610656117,2.758014228812178,95.53147865505686,2.758014228812178
877,45,116347,16,0,232.8675695490499,2.767145660106595,96.41417347972656,2.767145660106595
878,40,68787,12,1,138.04685964994928,1.6749440236700635,57.39368788364978,57.39368788364978
879,31,55488,16,0,111.08668877568587,1.3943447210061481,46.3290202312805,1.3943447210061481
880,41,94441,17,0,189.1229278343196,2.332870797734911,78.48204193146276,2.332870797734911
881,19,94663,19,1,189.85814156223643,2.2482625081361927,78.69151913303077,78.69151913303077
882,62,42431,15,1,85.37232400777076,1.1484190344973038,35.79734863760561,35.79734863760561
883,43,81681,19,0,163.5614781928217,2.0466398674165593,67.97123114454524,2.0466398674165593
884,31,83483,18,1,167.39636174121244,2.029123252760652,69.48766794924563,69.48766794924563
885,24,69153,15,0,138.49504077139073,1.6110332281589466,57.50904953671524,1.6110332281589466
886,20,26368,18,0,52.884769954661586,0.7346501085017131,22.38855809036635,0.7346501085017131
887,64,47424,13,1,95.28389422530516,1.3043932930325481,39.91795098315461,39.91795098315461
888,40,65004,17,0,130.1694324503598,1.6971142126806362,54.26488719282457,1.6971142126806362
889,63,103869,20,1,208.29423479283983,2.305318900750366,86.1230128178863,86.1230128178863
890,60,108652,13,0,217.47051635029615,2.3583612650463146,89.84656780516478,2.3583612650463146
891,64,76985,11,1,154.3759717100844,1.7776065429273384,64.02799522696111,64.02799522696111
892,62,70069,19,0,140.230419640323,1.8256372353560568,58.417805091485256,1.8256372353560568
893,35,72326,20,1,145.12023862667357,1.6946746341032908,60.24277008477272,60.24277008477272
894,55,101061,18,1,202.63721111447424,2.3722961333457575,83.92718057913545,83.92718057913545
895,52,43398,14,1,87.25000551305233,1.2019254595253965,36.601927664746334,36.601927664746334
896,32,118393,13,0,236.84083890327935,2.592708819810072,97.82904438112182,2.592708819810072
897,42,70861,11,1,142.04167060137658,1.6628029648434395,58.97947120539407,58.97947120539407
898,54,95897,10,1,192.2037754575079,2.0691848117955525,79.45069499479872,79.45069499479872
899,45,101905,20,1,204.2571471416142,2.529019635169952,84.73187849181565,84.73187849181565
900,27,88577,16,1,177.56596017695813,2.011611428613373,73.53799549939663,73.53799549939663
901,56,85641,15,1,171.76563038643917,1.898612176090562,71.10486433066623,71.10486433066623
902,34,29078,11,0,58.326111939020784,0.8044526864061551,24.634897462014468,0.8044526864061551
903,56,45003,17,0,90.13846489864818,1.0967074027711505,37.652093362230424,1.0967074027711505
904,39,82768,20,0,165.73376198461938,1.8448488811937214,68.63835367504149,1.8448488811937214
905,43,71047,13,0,142.22028766670078,1.7893135298054015,59.17742859648571,1.7893135298054015
906,61,91626,17,1,183.71378979476518,2.074097551843918,76.05961346974999,76.05961346974999
907,42,77660,16,1,155.7820299238078,1.739834841741619,64.55264681126474,64.55264681126474
908,34,69786,14,1,140.04982494639202,1.5945441223050394,58.11447410086185,58.11447410086185
909,30,21925,19,0,44.00630378266352,0.7328349368589204,18.83535644992433,0.7328349368589204
910,37,103976,19,1,208.36573612327422,2.4453088538836454,86.29160330319334,86.29160330319334
911,42,46015,17,1,92.58450049668019,1.1509513266314035,38.684751525303476,38.684751525303476
912,21,53320,18,1,107.17447109622451,1.4762186142256157,44.84600705271542,44.84600705271542
913,27,84881,14,1,170.14681810643754,2.042243413115772,70.60097065569079,70.60097065569079
914,20,110827,19,0,221.85078160043878,2.4690408549384464,91.70935349511396,2.4690408549384464
915,58,46289,14,1,93.06853510822931,1.1439703377051613,38.871384380996886,38.871384380996886
916,62,23389,11,1,47.225452197226296,0.6354742759961415,20.02565515488666,20.02565515488666
917,35,45683,14,0,91.52910066549646,1.1771592638633657,38.28879953006195,1.1771592638633657
918,64,33629,12,0,67.36948865542041,1.0208483516983682,28.468643813866535,1.0208483516983682
919,53,81550,16,1,163.6463651962531,2.0650313415002612,68.0235774200015,68.0235774200015
920,64,44826,19,1,90.15304294362296,1.5264067386165787,38.087623916065766,38.087623916065766
921,39,46630,14,1,93.67425203703397,0.9856626070845823,38.95536342189817,38.95536342189817
922,51,118762,17,1,238.0375537864423,2.622810427684837,98.33783194226176,98.33783194226176
923,64,66163,10,0,132.43080293209755,1.7046609181074985,55.176982090946524,1.7046609181074985
924,25,118511,12,0,237.15948988636268,2.4301499682223167,97.79394592276739,2.4301499682223167
925,57,86435,12,0,173.00015746007958,2.1478265064170707,71.8478894904489,2.1478265064170707
926,61,31653,18,0,63.51083877868835,1.0077951273143244,26.912130638789666,1.0077951273143244
927,36,47961,14,0,96.01307718733004,1.2576332773022545,40.16286415223427,1.2576332773022545
928,59,101941,18,0,203.9894446806415,2.270840201388053,84.36661807364466,2.270840201388053
929,58,94137,18,0,188.5257066361617,2.1976236779995704,78.10790633246425,2.1976236779995704
930,54,53662,10,1,107.73647922808945,1.4479776359709908,45.04256932720678,45.04256932720678
931,23,118818,11,0,237.78454236387043,2.5915916864758777,98.20540863202406,2.5915916864758777
932,43,76446,14,1,153.24401203899112,1.7644700971789795,63.56207491277543,63.56207491277543
933,51,41288,13,1,83.05933415543572,1.1263319196379236,34.85006558181222,34.85006558181222
934,62,115081,19,0,230.32592571773222,2.6623982399697343,95.29276852706262,2.6623982399697343
935,23,56877,18,0,113.89368909165955,1.532055114980644,47.58953075164447,1.532055114980644
936,54,35313,16,0,70.7828313416184,0.941285866784008,29.75441840343137,0.941285866784008
937,50,100885,15,0,201.8711009894729,2.3099847351391896,83.55842513092836,2.3099847351391896
938,39,92715,16,1,185.88991341508873,2.1101923734559285,76.96615773949142,76.96615773949142
939,38,30326,10,0,60.74518308264928,0.6261233359305324,25.424196568990244,0.6261233359305324
940,23,21560,10,0,43.273019795261696,0.6793957787247685,18.488603696829447,0.6793957787247685
941,23,99148,17,0,198.54166722510695,2.1995827158444445,82.11624960588723,2.1995827158444445
942,21,103186,11,1,206.85607578964212,2.26724590698959,85.50967622284644,85.50967622284644
943,47,46745,19,1,93.86677425103018,1.4075068245827913,39.45421652499486,39.45421652499486
944,28,51890,20,1,104.23324165850784,1.288018654345957,43.48131531774909,43.48131531774909
945,47,40022,18,0,80.11025566180889,1.22090840969496,33.76501067441851,1.22090840969496
946,48,72579,16,1,145.55832288627826,1.7415986543031339,60.46492780881444,60.46492780881444
947,41,90316,15,1,181.04952408945482,2.0096676599072936,74.92947729568922,74.92947729568922
948,26,103847,10,1,208.11452808076137,2.479232328888607,86.22504356119317,86.22504356119317
949,20,48380,10,1,97.13400333827536,1.1675443704245168,40.52114570573466,40.52114570573466
950,48,22356,11,0,44.79739649645257,0.6103107110423259,19.029269309623356,0.6103107110423259
951,57,90326,15,1,181.11108823416,2.02849870776336,74.97293400142736,74.97293400142736
952,54,112447,15,1,225.25853451773963,2.63705624684367,93.24047005393953,93.24047005393953
953,53,109899,11,0,219.86607034235183,2.356774377353659,90.8032025142944,2.356774377353659
954,41,40049,10,0,80.17282216870912,1.0766318098541026,33.64576067733775,1.0766318098541026
955,48,95717,19,1,191.91387990056845,2.294092016887684,79.55964397711507,79.55964397711507
956,23,36082,14,0,72.30784769951129,1.113258806443385,30.536397886247897,1.113258806443385
957,19,20661,14,1,41.83703248948665,0.5889660552517116,17.823779051046373,17.823779051046373
958,37,57412,11,1,115.27941680805405,1.2779336760903997,47.88970039931202,47.88970039931202
959,45,22920,15,1,46.2515344987754,0.7302994685969931,19.73091326810715,19.73091326810715
960,28,111194,18,0,222.55493354702745,2.5640733502475226,92.08604676905851,2.5640733502475226
961,21,80315,11,1,161.0235280431454,1.790844297130299,66.70025551438846,66.70025551438846
962,32,99561,19,0,199.28629237417397,2.634364040542652,82.84888099021224,2.634364040542652
963,23,28946,11,1,58.31562579129105,1.005244700435191,24.831495016951614,24.831495016951614
964,47,114242,12,0,228.51101102235145,2.5547455074821044,94.4591499164227,2.5547455074821044
965,55,65500,16,1,131.50403571940032,1.6716972074050458,54.773311495165174,54.773311495165174
966,19,36309,15,1,73.15267753953576,1.002536781992042,30.763607797806348,30.763607797806348
967,32,75230,17,1,150.91650797296643,1.739617446648187,62.60622063583477,62.60622063583477
968,28,118656,17,1,237.76753177874411,2.694912775944475,98.30192548744212,98.30192548744212
969,25,50027,15,1,100.51185221236044,1.3776517751462054,42.082392660090385,42.082392660090385
970,43,92541,20,1,185.632969298848,2.381382676156801,77.134570395696,77.134570395696
971,62,79321,19,0,158.81578531415914,2.065990842052271,66.09230496771593,2.065990842052271
972,61,20956,12,1,42.37869725830508,0.5081425706845789,17.959621474006614,17.959621474006614
973,22,94131,12,0,188.40642473362266,2.093697232184629,77.95626712563369,2.093697232184629
974,23,67908,10,1,136.33408057220024,1.4112732435134008,56.44490547239349,56.44490547239349
975,43,98339,16,0,196.82156689924187,2.403664355740272,81.63229111543703,2.403664355740272
976,21,45963,14,0,91.96719997761396,1.1580215605199669,38.44490155156556,1.1580215605199669
977,36,59443,13,1,119.24435304396572,1.4441489884368968,49.641890206023184,49.641890206023184
978,37,119259,19,0,238.70859641187002,2.8131850268005003,98.79662359154851,2.8131850268005003
979,50,59063,13,0,118.30739410470103,1.71787399198119,49.54083163386161,1.71787399198119
980,37,100818,13,1,202.03337454297898,2.303187493978953,83.61653731117055,83.61653731117055
981,29,24703,15,1,49.84445337750623,0.7702328962193749,21.20801424722187,21.20801424722187
982,64,85128,17,1,170.76024213686657,1.918455787879636,70.72255264262627,70.72255264262627
983,18,92099,17,0,184.31973836995607,2.327843944850311,76.55573929283274,2.327843944850311
984,43,45849,14,1,92.10743653004026,1.1788163535702927,38.5217909655864,38.5217909655864
985,31,51860,15,0,103.81161366561949,1.50291424649277,43.52755971274057,1.50291424649277
986,55,51585,13,1,103.65891140464412,1.4022613112948723,43.365825873152524,43.365825873152524
987,54,42015,20,1,84.60708364058982,1.1940043897391528,35.536837845975086,35.536837845975086
988,28,97539,18,1,195.47902925052537,2.17155238191441,80.86316408212457,80.86316408212457
989,53,63585,17,0,127.33289072505059,1.6389569117203608,53.0721132017406,1.6389569117203608
990,30,46958,19,0,94.17636294875324,1.25766964712284,39.428214826624135,1.25766964712284
991,60,46017,19,0,92.24393475918112,1.3042745842456307,38.70184848791808,1.3042745842456307
992,20,96707,10,0,193.48953803835005,2.239044960685434,80.13486017602546,2.239044960685434
993,50,65350,11,0,130.73269189401947,1.3616417884375167,54.15471854604531,1.3616417884375167
994,23,32201,18,1,64.93964722759115,1.0304813844068215,27.506340275443286,27.506340275443286
995,27,49426,17,0,99.04002576074723,1.4044796190885738,41.52048992338747,1.4044796190885738
996,22,37778,12,1,75.90235068061291,1.0763710561756064,31.937311328420773,31.937311328420773
997,40,65241,17,0,130.71149455269375,1.5084657828812578,54.293063603958764,1.5084657828812578
998,27,62229,10,1,124.7779798219121,1.4865136469773963,51.897705575742236,51.897705575742236
999,61,106652,19,1,213.78297569229164,2.6333936581906694,88.64658393510733,88.64658393510733
1000,19,68364,13,0,136.8447692648314,1.6616033798400076,56.89951108577257,1.6616033798400076
